urn	image_name	rights	caption	description	creator	date	folio_page	contains_urn	edited_by
"urn:cite:perseus:flcimg.1.1"	"LAW.001.tif"	"Creative Commons Attribution-NonCommercial-ShareAlike 3.0 Unported License."	""	""	"Tisch Library, Tufts University"	"2013-10-01"	"1"	""	"Bridget Almas <balmas@gmail.com>"
"urn:cite:perseus:flcimg.2.1"	"LAW.002.tif"	"Creative Commons Attribution-NonCommercial-ShareAlike 3.0 Unported License."	""	""	"Tisch Library, Tufts University"	"2013-10-01"	"2"	""	"Bridget Almas <balmas@gmail.com>"
"urn:cite:perseus:flcimg.3.1"	"LAW.003.tif"	"Creative Commons Attribution-NonCommercial-ShareAlike 3.0 Unported License."	""	""	"Tisch Library, Tufts University"	"2013-10-01"	"3"	""	"Bridget Almas <balmas@gmail.com>"
"urn:cite:perseus:flcimg.4.1"	"LAW.004.tif"	"Creative Commons Attribution-NonCommercial-ShareAlike 3.0 Unported License."	""	""	"Tisch Library, Tufts University"	"2013-10-01"	"4"	""	"Bridget Almas <balmas@gmail.com>"
"urn:cite:perseus:flcimg.5.1"	"LAW.005.tif"	"Creative Commons Attribution-NonCommercial-ShareAlike 3.0 Unported License."	""	""	"Tisch Library, Tufts University"	"2013-10-01"	"5"	""	"Bridget Almas <balmas@gmail.com>"
"urn:cite:perseus:flcimg.6.1"	"LAW.006.tif"	"Creative Commons Attribution-NonCommercial-ShareAlike 3.0 Unported License."	""	""	"Tisch Library, Tufts University"	"2013-10-01"	"6"	""	"Bridget Almas <balmas@gmail.com>"
"urn:cite:perseus:flcimg.7.1"	"LAW.007.tif"	"Creative Commons Attribution-NonCommercial-ShareAlike 3.0 Unported License."	""	""	"Tisch Library, Tufts University"	"2013-10-01"	"7"	""	"Bridget Almas <balmas@gmail.com>"
"urn:cite:perseus:flcimg.8.1"	"LAW.008.tif"	"Creative Commons Attribution-NonCommercial-ShareAlike 3.0 Unported License."	""	""	"Tisch Library, Tufts University"	"2013-10-01"	"8"	""	"Bridget Almas <balmas@gmail.com>"
"urn:cite:perseus:flcimg.9.1"	"LAW.009.tif"	"Creative Commons Attribution-NonCommercial-ShareAlike 3.0 Unported License."	""	""	"Tisch Library, Tufts University"	"2013-10-01"	"9"	""	"Bridget Almas <balmas@gmail.com>"
"urn:cite:perseus:flcimg.10.1"	"LAW.010.tif"	"Creative Commons Attribution-NonCommercial-ShareAlike 3.0 Unported License."	""	""	"Tisch Library, Tufts University"	"2013-10-01"	"10"	""	"Bridget Almas <balmas@gmail.com>"
"urn:cite:perseus:flcimg.11.1"	"LAW.011.tif"	"Creative Commons Attribution-NonCommercial-ShareAlike 3.0 Unported License."	""	""	"Tisch Library, Tufts University"	"2013-10-01"	"11"	""	"Bridget Almas <balmas@gmail.com>"
"urn:cite:perseus:flcimg.12.1"	"LAW.012.tif"	"Creative Commons Attribution-NonCommercial-ShareAlike 3.0 Unported License."	""	""	"Tisch Library, Tufts University"	"2013-10-01"	"12"	""	"Bridget Almas <balmas@gmail.com>"
"urn:cite:perseus:flcimg.13.1"	"LAW.013.tif"	"Creative Commons Attribution-NonCommercial-ShareAlike 3.0 Unported License."	""	""	"Tisch Library, Tufts University"	"2013-10-01"	"13"	""	"Bridget Almas <balmas@gmail.com>"
"urn:cite:perseus:flcimg.14.1"	"LAW.014.tif"	"Creative Commons Attribution-NonCommercial-ShareAlike 3.0 Unported License."	""	""	"Tisch Library, Tufts University"	"2013-10-01"	"14"	""	"Bridget Almas <balmas@gmail.com>"
"urn:cite:perseus:flcimg.15.1"	"LAW.015.tif"	"Creative Commons Attribution-NonCommercial-ShareAlike 3.0 Unported License."	""	""	"Tisch Library, Tufts University"	"2013-10-01"	"15"	""	"Bridget Almas <balmas@gmail.com>"
"urn:cite:perseus:flcimg.16.1"	"LAW.016.tif"	"Creative Commons Attribution-NonCommercial-ShareAlike 3.0 Unported License."	""	""	"Tisch Library, Tufts University"	"2013-10-01"	"16"	""	"Bridget Almas <balmas@gmail.com>"
"urn:cite:perseus:flcimg.17.1"	"LAW.017.tif"	"Creative Commons Attribution-NonCommercial-ShareAlike 3.0 Unported License."	""	""	"Tisch Library, Tufts University"	"2013-10-01"	"17"	""	"Bridget Almas <balmas@gmail.com>"
"urn:cite:perseus:flcimg.18.1"	"LAW.018.tif"	"Creative Commons Attribution-NonCommercial-ShareAlike 3.0 Unported License."	""	""	"Tisch Library, Tufts University"	"2013-10-01"	"18"	""	"Bridget Almas <balmas@gmail.com>"
"urn:cite:perseus:flcimg.19.1"	"LAW.019.tif"	"Creative Commons Attribution-NonCommercial-ShareAlike 3.0 Unported License."	""	""	"Tisch Library, Tufts University"	"2013-10-01"	"19"	""	"Bridget Almas <balmas@gmail.com>"
"urn:cite:perseus:flcimg.20.1"	"LAW.020.tif"	"Creative Commons Attribution-NonCommercial-ShareAlike 3.0 Unported License."	""	""	"Tisch Library, Tufts University"	"2013-10-01"	"20"	""	"Bridget Almas <balmas@gmail.com>"
"urn:cite:perseus:flcimg.21.1"	"LAW.021.tif"	"Creative Commons Attribution-NonCommercial-ShareAlike 3.0 Unported License."	""	""	"Tisch Library, Tufts University"	"2013-10-01"	"21"	""	"Bridget Almas <balmas@gmail.com>"
"urn:cite:perseus:flcimg.22.1"	"LAW.022.tif"	"Creative Commons Attribution-NonCommercial-ShareAlike 3.0 Unported License."	""	""	"Tisch Library, Tufts University"	"2013-10-01"	"22"	""	"Bridget Almas <balmas@gmail.com>"
"urn:cite:perseus:flcimg.23.1"	"LAW.023.tif"	"Creative Commons Attribution-NonCommercial-ShareAlike 3.0 Unported License."	""	""	"Tisch Library, Tufts University"	"2013-10-01"	"23"	""	"Bridget Almas <balmas@gmail.com>"
"urn:cite:perseus:flcimg.24.1"	"LAW.024.tif"	"Creative Commons Attribution-NonCommercial-ShareAlike 3.0 Unported License."	""	""	"Tisch Library, Tufts University"	"2013-10-01"	"24"	""	"Bridget Almas <balmas@gmail.com>"
"urn:cite:perseus:flcimg.25.1"	"LAW.025.tif"	"Creative Commons Attribution-NonCommercial-ShareAlike 3.0 Unported License."	""	""	"Tisch Library, Tufts University"	"2013-10-01"	"25"	""	"Bridget Almas <balmas@gmail.com>"
"urn:cite:perseus:flcimg.26.1"	"LAW.026.tif"	"Creative Commons Attribution-NonCommercial-ShareAlike 3.0 Unported License."	""	""	"Tisch Library, Tufts University"	"2013-10-01"	"26"	""	"Bridget Almas <balmas@gmail.com>"
"urn:cite:perseus:flcimg.27.1"	"LAW.027.tif"	"Creative Commons Attribution-NonCommercial-ShareAlike 3.0 Unported License."	""	""	"Tisch Library, Tufts University"	"2013-10-01"	"27"	""	"Bridget Almas <balmas@gmail.com>"
"urn:cite:perseus:flcimg.28.1"	"LAW.028.tif"	"Creative Commons Attribution-NonCommercial-ShareAlike 3.0 Unported License."	""	""	"Tisch Library, Tufts University"	"2013-10-01"	"28"	""	"Bridget Almas <balmas@gmail.com>"
"urn:cite:perseus:flcimg.29.1"	"LAW.029.tif"	"Creative Commons Attribution-NonCommercial-ShareAlike 3.0 Unported License."	""	""	"Tisch Library, Tufts University"	"2013-10-01"	"29"	""	"Bridget Almas <balmas@gmail.com>"
"urn:cite:perseus:flcimg.30.1"	"LAW.030.tif"	"Creative Commons Attribution-NonCommercial-ShareAlike 3.0 Unported License."	""	""	"Tisch Library, Tufts University"	"2013-10-01"	"30"	""	"Bridget Almas <balmas@gmail.com>"
"urn:cite:perseus:flcimg.31.1"	"LAW.031.tif"	"Creative Commons Attribution-NonCommercial-ShareAlike 3.0 Unported License."	""	""	"Tisch Library, Tufts University"	"2013-10-01"	"31"	""	"Bridget Almas <balmas@gmail.com>"
"urn:cite:perseus:flcimg.32.1"	"LAW.032.tif"	"Creative Commons Attribution-NonCommercial-ShareAlike 3.0 Unported License."	""	""	"Tisch Library, Tufts University"	"2013-10-01"	"32"	""	"Bridget Almas <balmas@gmail.com>"
"urn:cite:perseus:flcimg.33.1"	"LAW.033.tif"	"Creative Commons Attribution-NonCommercial-ShareAlike 3.0 Unported License."	""	""	"Tisch Library, Tufts University"	"2013-10-01"	"33"	""	"Bridget Almas <balmas@gmail.com>"
"urn:cite:perseus:flcimg.34.1"	"LAW.034.tif"	"Creative Commons Attribution-NonCommercial-ShareAlike 3.0 Unported License."	""	""	"Tisch Library, Tufts University"	"2013-10-01"	"34"	""	"Bridget Almas <balmas@gmail.com>"
"urn:cite:perseus:flcimg.35.1"	"LAW.035.tif"	"Creative Commons Attribution-NonCommercial-ShareAlike 3.0 Unported License."	""	""	"Tisch Library, Tufts University"	"2013-10-01"	"35"	""	"Bridget Almas <balmas@gmail.com>"
"urn:cite:perseus:flcimg.36.1"	"LAW.036.tif"	"Creative Commons Attribution-NonCommercial-ShareAlike 3.0 Unported License."	""	""	"Tisch Library, Tufts University"	"2013-10-01"	"36"	""	"Bridget Almas <balmas@gmail.com>"
"urn:cite:perseus:flcimg.37.1"	"LAW.037.tif"	"Creative Commons Attribution-NonCommercial-ShareAlike 3.0 Unported License."	""	""	"Tisch Library, Tufts University"	"2013-10-01"	"37"	""	"Bridget Almas <balmas@gmail.com>"
"urn:cite:perseus:flcimg.38.1"	"LAW.038.tif"	"Creative Commons Attribution-NonCommercial-ShareAlike 3.0 Unported License."	""	""	"Tisch Library, Tufts University"	"2013-10-01"	"38"	""	"Bridget Almas <balmas@gmail.com>"
"urn:cite:perseus:flcimg.39.1"	"LAW.039.tif"	"Creative Commons Attribution-NonCommercial-ShareAlike 3.0 Unported License."	""	""	"Tisch Library, Tufts University"	"2013-10-01"	"39"	""	"Bridget Almas <balmas@gmail.com>"
"urn:cite:perseus:flcimg.40.1"	"LAW.040.tif"	"Creative Commons Attribution-NonCommercial-ShareAlike 3.0 Unported License."	""	""	"Tisch Library, Tufts University"	"2013-10-01"	"40"	""	"Bridget Almas <balmas@gmail.com>"
"urn:cite:perseus:flcimg.41.1"	"LAW.041.tif"	"Creative Commons Attribution-NonCommercial-ShareAlike 3.0 Unported License."	""	""	"Tisch Library, Tufts University"	"2013-10-01"	"41"	""	"Bridget Almas <balmas@gmail.com>"
"urn:cite:perseus:flcimg.42.1"	"LAW.042.tif"	"Creative Commons Attribution-NonCommercial-ShareAlike 3.0 Unported License."	""	""	"Tisch Library, Tufts University"	"2013-10-01"	"42"	""	"Bridget Almas <balmas@gmail.com>"
"urn:cite:perseus:flcimg.43.1"	"LAW.043.tif"	"Creative Commons Attribution-NonCommercial-ShareAlike 3.0 Unported License."	""	""	"Tisch Library, Tufts University"	"2013-10-01"	"43"	""	"Bridget Almas <balmas@gmail.com>"
"urn:cite:perseus:flcimg.44.1"	"LAW.044.tif"	"Creative Commons Attribution-NonCommercial-ShareAlike 3.0 Unported License."	""	""	"Tisch Library, Tufts University"	"2013-10-01"	"44"	""	"Bridget Almas <balmas@gmail.com>"
"urn:cite:perseus:flcimg.45.1"	"LAW.045.tif"	"Creative Commons Attribution-NonCommercial-ShareAlike 3.0 Unported License."	""	""	"Tisch Library, Tufts University"	"2013-10-01"	"45"	""	"Bridget Almas <balmas@gmail.com>"
"urn:cite:perseus:flcimg.46.1"	"LAW.046.tif"	"Creative Commons Attribution-NonCommercial-ShareAlike 3.0 Unported License."	""	""	"Tisch Library, Tufts University"	"2013-10-01"	"46"	""	"Bridget Almas <balmas@gmail.com>"
"urn:cite:perseus:flcimg.47.1"	"LAW.047.tif"	"Creative Commons Attribution-NonCommercial-ShareAlike 3.0 Unported License."	""	""	"Tisch Library, Tufts University"	"2013-10-01"	"47"	""	"Bridget Almas <balmas@gmail.com>"
"urn:cite:perseus:flcimg.48.1"	"LAW.048.tif"	"Creative Commons Attribution-NonCommercial-ShareAlike 3.0 Unported License."	""	""	"Tisch Library, Tufts University"	"2013-10-01"	"48"	""	"Bridget Almas <balmas@gmail.com>"
"urn:cite:perseus:flcimg.49.1"	"LAW.049.tif"	"Creative Commons Attribution-NonCommercial-ShareAlike 3.0 Unported License."	""	""	"Tisch Library, Tufts University"	"2013-10-01"	"49"	""	"Bridget Almas <balmas@gmail.com>"
"urn:cite:perseus:flcimg.50.1"	"LAW.050.tif"	"Creative Commons Attribution-NonCommercial-ShareAlike 3.0 Unported License."	""	""	"Tisch Library, Tufts University"	"2013-10-01"	"50"	""	"Bridget Almas <balmas@gmail.com>"
"urn:cite:perseus:flcimg.51.1"	"LAW.051.tif"	"Creative Commons Attribution-NonCommercial-ShareAlike 3.0 Unported License."	""	""	"Tisch Library, Tufts University"	"2013-10-01"	"51"	""	"Bridget Almas <balmas@gmail.com>"
"urn:cite:perseus:flcimg.52.1"	"LAW.052.tif"	"Creative Commons Attribution-NonCommercial-ShareAlike 3.0 Unported License."	""	""	"Tisch Library, Tufts University"	"2013-10-01"	"52"	""	"Bridget Almas <balmas@gmail.com>"
"urn:cite:perseus:flcimg.53.1"	"LAW.053.tif"	"Creative Commons Attribution-NonCommercial-ShareAlike 3.0 Unported License."	""	""	"Tisch Library, Tufts University"	"2013-10-01"	"53"	""	"Bridget Almas <balmas@gmail.com>"
"urn:cite:perseus:flcimg.54.1"	"LAW.054.tif"	"Creative Commons Attribution-NonCommercial-ShareAlike 3.0 Unported License."	""	""	"Tisch Library, Tufts University"	"2013-10-01"	"54"	""	"Bridget Almas <balmas@gmail.com>"
"urn:cite:perseus:flcimg.55.1"	"LAW.055.tif"	"Creative Commons Attribution-NonCommercial-ShareAlike 3.0 Unported License."	""	""	"Tisch Library, Tufts University"	"2013-10-01"	"55"	""	"Bridget Almas <balmas@gmail.com>"
"urn:cite:perseus:flcimg.56.1"	"LAW.056.tif"	"Creative Commons Attribution-NonCommercial-ShareAlike 3.0 Unported License."	""	""	"Tisch Library, Tufts University"	"2013-10-01"	"56"	""	"Bridget Almas <balmas@gmail.com>"
"urn:cite:perseus:flcimg.57.1"	"LAW.057.tif"	"Creative Commons Attribution-NonCommercial-ShareAlike 3.0 Unported License."	""	""	"Tisch Library, Tufts University"	"2013-10-01"	"57"	""	"Bridget Almas <balmas@gmail.com>"
"urn:cite:perseus:flcimg.58.1"	"LAW.058.tif"	"Creative Commons Attribution-NonCommercial-ShareAlike 3.0 Unported License."	""	""	"Tisch Library, Tufts University"	"2013-10-01"	"58"	""	"Bridget Almas <balmas@gmail.com>"
"urn:cite:perseus:flcimg.59.1"	"LAW.059.tif"	"Creative Commons Attribution-NonCommercial-ShareAlike 3.0 Unported License."	""	""	"Tisch Library, Tufts University"	"2013-10-01"	"59"	""	"Bridget Almas <balmas@gmail.com>"
"urn:cite:perseus:flcimg.60.1"	"LAW.060.tif"	"Creative Commons Attribution-NonCommercial-ShareAlike 3.0 Unported License."	""	""	"Tisch Library, Tufts University"	"2013-10-01"	"60"	""	"Bridget Almas <balmas@gmail.com>"
"urn:cite:perseus:flcimg.61.1"	"LAW.061.tif"	"Creative Commons Attribution-NonCommercial-ShareAlike 3.0 Unported License."	""	""	"Tisch Library, Tufts University"	"2013-10-01"	"61"	""	"Bridget Almas <balmas@gmail.com>"
"urn:cite:perseus:flcimg.62.1"	"LAW.062.tif"	"Creative Commons Attribution-NonCommercial-ShareAlike 3.0 Unported License."	""	""	"Tisch Library, Tufts University"	"2013-10-01"	"62"	""	"Bridget Almas <balmas@gmail.com>"
"urn:cite:perseus:flcimg.63.1"	"LAW.063.tif"	"Creative Commons Attribution-NonCommercial-ShareAlike 3.0 Unported License."	""	""	"Tisch Library, Tufts University"	"2013-10-01"	"63"	""	"Bridget Almas <balmas@gmail.com>"
"urn:cite:perseus:flcimg.64.1"	"LAW.064.tif"	"Creative Commons Attribution-NonCommercial-ShareAlike 3.0 Unported License."	""	""	"Tisch Library, Tufts University"	"2013-10-01"	"64"	""	"Bridget Almas <balmas@gmail.com>"
"urn:cite:perseus:flcimg.65.1"	"LAW.065.tif"	"Creative Commons Attribution-NonCommercial-ShareAlike 3.0 Unported License."	""	""	"Tisch Library, Tufts University"	"2013-10-01"	"65"	""	"Bridget Almas <balmas@gmail.com>"
"urn:cite:perseus:flcimg.66.1"	"LAW.066.tif"	"Creative Commons Attribution-NonCommercial-ShareAlike 3.0 Unported License."	""	""	"Tisch Library, Tufts University"	"2013-10-01"	"66"	""	"Bridget Almas <balmas@gmail.com>"
"urn:cite:perseus:flcimg.67.1"	"LAW.067.tif"	"Creative Commons Attribution-NonCommercial-ShareAlike 3.0 Unported License."	""	""	"Tisch Library, Tufts University"	"2013-10-01"	"67"	""	"Bridget Almas <balmas@gmail.com>"
"urn:cite:perseus:flcimg.68.1"	"LAW.068.tif"	"Creative Commons Attribution-NonCommercial-ShareAlike 3.0 Unported License."	""	""	"Tisch Library, Tufts University"	"2013-10-01"	"68"	""	"Bridget Almas <balmas@gmail.com>"
"urn:cite:perseus:flcimg.69.1"	"LAW.069.tif"	"Creative Commons Attribution-NonCommercial-ShareAlike 3.0 Unported License."	""	""	"Tisch Library, Tufts University"	"2013-10-01"	"69"	""	"Bridget Almas <balmas@gmail.com>"
"urn:cite:perseus:flcimg.70.1"	"LAW.070.tif"	"Creative Commons Attribution-NonCommercial-ShareAlike 3.0 Unported License."	""	""	"Tisch Library, Tufts University"	"2013-10-01"	"70"	""	"Bridget Almas <balmas@gmail.com>"
"urn:cite:perseus:flcimg.71.1"	"LAW.071.tif"	"Creative Commons Attribution-NonCommercial-ShareAlike 3.0 Unported License."	""	""	"Tisch Library, Tufts University"	"2013-10-01"	"71"	""	"Bridget Almas <balmas@gmail.com>"
"urn:cite:perseus:flcimg.72.1"	"LAW.072.tif"	"Creative Commons Attribution-NonCommercial-ShareAlike 3.0 Unported License."	""	""	"Tisch Library, Tufts University"	"2013-10-01"	"72"	""	"Bridget Almas <balmas@gmail.com>"
"urn:cite:perseus:flcimg.73.1"	"LAW.073.tif"	"Creative Commons Attribution-NonCommercial-ShareAlike 3.0 Unported License."	""	""	"Tisch Library, Tufts University"	"2013-10-01"	"73"	""	"Bridget Almas <balmas@gmail.com>"
"urn:cite:perseus:flcimg.74.1"	"LAW.074.tif"	"Creative Commons Attribution-NonCommercial-ShareAlike 3.0 Unported License."	""	""	"Tisch Library, Tufts University"	"2013-10-01"	"74"	""	"Bridget Almas <balmas@gmail.com>"
"urn:cite:perseus:flcimg.75.1"	"LAW.075.tif"	"Creative Commons Attribution-NonCommercial-ShareAlike 3.0 Unported License."	""	""	"Tisch Library, Tufts University"	"2013-10-01"	"75"	""	"Bridget Almas <balmas@gmail.com>"
"urn:cite:perseus:flcimg.76.1"	"LAW.076.tif"	"Creative Commons Attribution-NonCommercial-ShareAlike 3.0 Unported License."	""	""	"Tisch Library, Tufts University"	"2013-10-01"	"76"	""	"Bridget Almas <balmas@gmail.com>"
"urn:cite:perseus:flcimg.77.1"	"LAW.077.tif"	"Creative Commons Attribution-NonCommercial-ShareAlike 3.0 Unported License."	""	""	"Tisch Library, Tufts University"	"2013-10-01"	"77"	""	"Bridget Almas <balmas@gmail.com>"
"urn:cite:perseus:flcimg.78.1"	"LAW.078.tif"	"Creative Commons Attribution-NonCommercial-ShareAlike 3.0 Unported License."	""	""	"Tisch Library, Tufts University"	"2013-10-01"	"78"	""	"Bridget Almas <balmas@gmail.com>"
"urn:cite:perseus:flcimg.79.1"	"LAW.079.tif"	"Creative Commons Attribution-NonCommercial-ShareAlike 3.0 Unported License."	""	""	"Tisch Library, Tufts University"	"2013-10-01"	"79"	""	"Bridget Almas <balmas@gmail.com>"
"urn:cite:perseus:flcimg.80.1"	"LAW.080.tif"	"Creative Commons Attribution-NonCommercial-ShareAlike 3.0 Unported License."	""	""	"Tisch Library, Tufts University"	"2013-10-01"	"80"	""	"Bridget Almas <balmas@gmail.com>"
"urn:cite:perseus:flcimg.81.1"	"LAW.081.tif"	"Creative Commons Attribution-NonCommercial-ShareAlike 3.0 Unported License."	""	""	"Tisch Library, Tufts University"	"2013-10-01"	"81"	""	"Bridget Almas <balmas@gmail.com>"
"urn:cite:perseus:flcimg.82.1"	"LAW.082.tif"	"Creative Commons Attribution-NonCommercial-ShareAlike 3.0 Unported License."	""	""	"Tisch Library, Tufts University"	"2013-10-01"	"82"	""	"Bridget Almas <balmas@gmail.com>"
"urn:cite:perseus:flcimg.83.1"	"LAW.083.tif"	"Creative Commons Attribution-NonCommercial-ShareAlike 3.0 Unported License."	""	""	"Tisch Library, Tufts University"	"2013-10-01"	"83"	""	"Bridget Almas <balmas@gmail.com>"
"urn:cite:perseus:flcimg.84.1"	"LAW.084.tif"	"Creative Commons Attribution-NonCommercial-ShareAlike 3.0 Unported License."	""	""	"Tisch Library, Tufts University"	"2013-10-01"	"84"	""	"Bridget Almas <balmas@gmail.com>"
"urn:cite:perseus:flcimg.85.1"	"LAW.085.tif"	"Creative Commons Attribution-NonCommercial-ShareAlike 3.0 Unported License."	""	""	"Tisch Library, Tufts University"	"2013-10-01"	"85"	""	"Bridget Almas <balmas@gmail.com>"
"urn:cite:perseus:flcimg.86.1"	"LAW.086.tif"	"Creative Commons Attribution-NonCommercial-ShareAlike 3.0 Unported License."	""	""	"Tisch Library, Tufts University"	"2013-10-01"	"86"	""	"Bridget Almas <balmas@gmail.com>"
"urn:cite:perseus:flcimg.87.1"	"LAW.087.tif"	"Creative Commons Attribution-NonCommercial-ShareAlike 3.0 Unported License."	""	""	"Tisch Library, Tufts University"	"2013-10-01"	"87"	""	"Bridget Almas <balmas@gmail.com>"
"urn:cite:perseus:flcimg.88.1"	"LAW.088.tif"	"Creative Commons Attribution-NonCommercial-ShareAlike 3.0 Unported License."	""	""	"Tisch Library, Tufts University"	"2013-10-01"	"88"	""	"Bridget Almas <balmas@gmail.com>"
"urn:cite:perseus:flcimg.89.1"	"LAW.089.tif"	"Creative Commons Attribution-NonCommercial-ShareAlike 3.0 Unported License."	""	""	"Tisch Library, Tufts University"	"2013-10-01"	"89"	""	"Bridget Almas <balmas@gmail.com>"
"urn:cite:perseus:flcimg.90.1"	"LAW.090.tif"	"Creative Commons Attribution-NonCommercial-ShareAlike 3.0 Unported License."	""	""	"Tisch Library, Tufts University"	"2013-10-01"	"90"	""	"Bridget Almas <balmas@gmail.com>"
"urn:cite:perseus:flcimg.91.1"	"LAW.091.tif"	"Creative Commons Attribution-NonCommercial-ShareAlike 3.0 Unported License."	""	""	"Tisch Library, Tufts University"	"2013-10-01"	"91"	""	"Bridget Almas <balmas@gmail.com>"
"urn:cite:perseus:flcimg.92.1"	"LAW.092.tif"	"Creative Commons Attribution-NonCommercial-ShareAlike 3.0 Unported License."	""	""	"Tisch Library, Tufts University"	"2013-10-01"	"92"	""	"Bridget Almas <balmas@gmail.com>"
"urn:cite:perseus:flcimg.93.1"	"LAW.093.tif"	"Creative Commons Attribution-NonCommercial-ShareAlike 3.0 Unported License."	""	""	"Tisch Library, Tufts University"	"2013-10-01"	"93"	""	"Bridget Almas <balmas@gmail.com>"
"urn:cite:perseus:flcimg.94.1"	"LAW.094.tif"	"Creative Commons Attribution-NonCommercial-ShareAlike 3.0 Unported License."	""	""	"Tisch Library, Tufts University"	"2013-10-01"	"94"	""	"Bridget Almas <balmas@gmail.com>"
"urn:cite:perseus:flcimg.95.1"	"LAW.095.tif"	"Creative Commons Attribution-NonCommercial-ShareAlike 3.0 Unported License."	""	""	"Tisch Library, Tufts University"	"2013-10-01"	"95"	""	"Bridget Almas <balmas@gmail.com>"
"urn:cite:perseus:flcimg.96.1"	"LAW.096.tif"	"Creative Commons Attribution-NonCommercial-ShareAlike 3.0 Unported License."	""	""	"Tisch Library, Tufts University"	"2013-10-01"	"96"	""	"Bridget Almas <balmas@gmail.com>"
"urn:cite:perseus:flcimg.97.1"	"LAW.097.tif"	"Creative Commons Attribution-NonCommercial-ShareAlike 3.0 Unported License."	""	""	"Tisch Library, Tufts University"	"2013-10-01"	"97"	""	"Bridget Almas <balmas@gmail.com>"
"urn:cite:perseus:flcimg.98.1"	"LAW.098.tif"	"Creative Commons Attribution-NonCommercial-ShareAlike 3.0 Unported License."	""	""	"Tisch Library, Tufts University"	"2013-10-01"	"98"	""	"Bridget Almas <balmas@gmail.com>"
"urn:cite:perseus:flcimg.99.1"	"LAW.099.tif"	"Creative Commons Attribution-NonCommercial-ShareAlike 3.0 Unported License."	""	""	"Tisch Library, Tufts University"	"2013-10-01"	"99"	""	"Bridget Almas <balmas@gmail.com>"
"urn:cite:perseus:flcimg.100.1"	"LAW.100.tif"	"Creative Commons Attribution-NonCommercial-ShareAlike 3.0 Unported License."	""	""	"Tisch Library, Tufts University"	"2013-10-01"	"100"	""	"Bridget Almas <balmas@gmail.com>"
"urn:cite:perseus:flcimg.101.1"	"LAW.101.tif"	"Creative Commons Attribution-NonCommercial-ShareAlike 3.0 Unported License."	""	""	"Tisch Library, Tufts University"	"2013-10-01"	"101"	""	"Bridget Almas <balmas@gmail.com>"
"urn:cite:perseus:flcimg.102.1"	"LAW.102.tif"	"Creative Commons Attribution-NonCommercial-ShareAlike 3.0 Unported License."	""	""	"Tisch Library, Tufts University"	"2013-10-01"	"102"	""	"Bridget Almas <balmas@gmail.com>"
"urn:cite:perseus:flcimg.103.1"	"LAW.103.tif"	"Creative Commons Attribution-NonCommercial-ShareAlike 3.0 Unported License."	""	""	"Tisch Library, Tufts University"	"2013-10-01"	"103"	""	"Bridget Almas <balmas@gmail.com>"
"urn:cite:perseus:flcimg.104.1"	"LAW.104.tif"	"Creative Commons Attribution-NonCommercial-ShareAlike 3.0 Unported License."	""	""	"Tisch Library, Tufts University"	"2013-10-01"	"104"	""	"Bridget Almas <balmas@gmail.com>"
"urn:cite:perseus:flcimg.105.1"	"LAW.105.tif"	"Creative Commons Attribution-NonCommercial-ShareAlike 3.0 Unported License."	""	""	"Tisch Library, Tufts University"	"2013-10-01"	"105"	""	"Bridget Almas <balmas@gmail.com>"
"urn:cite:perseus:flcimg.106.1"	"LAW.106.tif"	"Creative Commons Attribution-NonCommercial-ShareAlike 3.0 Unported License."	""	""	"Tisch Library, Tufts University"	"2013-10-01"	"106"	""	"Bridget Almas <balmas@gmail.com>"
"urn:cite:perseus:flcimg.107.1"	"LAW.107.tif"	"Creative Commons Attribution-NonCommercial-ShareAlike 3.0 Unported License."	""	""	"Tisch Library, Tufts University"	"2013-10-01"	"107"	""	"Bridget Almas <balmas@gmail.com>"
"urn:cite:perseus:flcimg.108.1"	"LAW.108.tif"	"Creative Commons Attribution-NonCommercial-ShareAlike 3.0 Unported License."	""	""	"Tisch Library, Tufts University"	"2013-10-01"	"108"	""	"Bridget Almas <balmas@gmail.com>"
"urn:cite:perseus:flcimg.109.1"	"LAW.109.tif"	"Creative Commons Attribution-NonCommercial-ShareAlike 3.0 Unported License."	""	""	"Tisch Library, Tufts University"	"2013-10-01"	"109"	""	"Bridget Almas <balmas@gmail.com>"
"urn:cite:perseus:flcimg.110.1"	"LAW.110.tif"	"Creative Commons Attribution-NonCommercial-ShareAlike 3.0 Unported License."	""	""	"Tisch Library, Tufts University"	"2013-10-01"	"110"	""	"Bridget Almas <balmas@gmail.com>"
"urn:cite:perseus:flcimg.111.1"	"LAW.111.tif"	"Creative Commons Attribution-NonCommercial-ShareAlike 3.0 Unported License."	""	""	"Tisch Library, Tufts University"	"2013-10-01"	"111"	""	"Bridget Almas <balmas@gmail.com>"
"urn:cite:perseus:flcimg.112.1"	"LAW.112.tif"	"Creative Commons Attribution-NonCommercial-ShareAlike 3.0 Unported License."	""	""	"Tisch Library, Tufts University"	"2013-10-01"	"112"	""	"Bridget Almas <balmas@gmail.com>"
"urn:cite:perseus:flcimg.113.1"	"LAW.113.tif"	"Creative Commons Attribution-NonCommercial-ShareAlike 3.0 Unported License."	""	""	"Tisch Library, Tufts University"	"2013-10-01"	"113"	""	"Bridget Almas <balmas@gmail.com>"
"urn:cite:perseus:flcimg.114.1"	"LAW.114.tif"	"Creative Commons Attribution-NonCommercial-ShareAlike 3.0 Unported License."	""	""	"Tisch Library, Tufts University"	"2013-10-01"	"114"	""	"Bridget Almas <balmas@gmail.com>"
"urn:cite:perseus:flcimg.115.1"	"LAW.115.tif"	"Creative Commons Attribution-NonCommercial-ShareAlike 3.0 Unported License."	""	""	"Tisch Library, Tufts University"	"2013-10-01"	"115"	""	"Bridget Almas <balmas@gmail.com>"
"urn:cite:perseus:flcimg.116.1"	"LAW.116.tif"	"Creative Commons Attribution-NonCommercial-ShareAlike 3.0 Unported License."	""	""	"Tisch Library, Tufts University"	"2013-10-01"	"116"	""	"Bridget Almas <balmas@gmail.com>"
"urn:cite:perseus:flcimg.117.1"	"LAW.117.tif"	"Creative Commons Attribution-NonCommercial-ShareAlike 3.0 Unported License."	""	""	"Tisch Library, Tufts University"	"2013-10-01"	"117"	""	"Bridget Almas <balmas@gmail.com>"
"urn:cite:perseus:flcimg.118.1"	"LAW.118.tif"	"Creative Commons Attribution-NonCommercial-ShareAlike 3.0 Unported License."	""	""	"Tisch Library, Tufts University"	"2013-10-01"	"118"	""	"Bridget Almas <balmas@gmail.com>"
"urn:cite:perseus:flcimg.119.1"	"LAW.119.tif"	"Creative Commons Attribution-NonCommercial-ShareAlike 3.0 Unported License."	""	""	"Tisch Library, Tufts University"	"2013-10-01"	"119"	""	"Bridget Almas <balmas@gmail.com>"
"urn:cite:perseus:flcimg.120.1"	"LAW.120.tif"	"Creative Commons Attribution-NonCommercial-ShareAlike 3.0 Unported License."	""	""	"Tisch Library, Tufts University"	"2013-10-01"	"120"	""	"Bridget Almas <balmas@gmail.com>"
"urn:cite:perseus:flcimg.121.1"	"LAW.121.tif"	"Creative Commons Attribution-NonCommercial-ShareAlike 3.0 Unported License."	""	""	"Tisch Library, Tufts University"	"2013-10-01"	"121"	""	"Bridget Almas <balmas@gmail.com>"
"urn:cite:perseus:flcimg.122.1"	"LAW.122.tif"	"Creative Commons Attribution-NonCommercial-ShareAlike 3.0 Unported License."	""	""	"Tisch Library, Tufts University"	"2013-10-01"	"122"	""	"Bridget Almas <balmas@gmail.com>"
"urn:cite:perseus:flcimg.123.1"	"LAW.123.tif"	"Creative Commons Attribution-NonCommercial-ShareAlike 3.0 Unported License."	""	""	"Tisch Library, Tufts University"	"2013-10-01"	"123"	""	"Bridget Almas <balmas@gmail.com>"
"urn:cite:perseus:flcimg.124.1"	"LAW.124.tif"	"Creative Commons Attribution-NonCommercial-ShareAlike 3.0 Unported License."	""	""	"Tisch Library, Tufts University"	"2013-10-01"	"124"	""	"Bridget Almas <balmas@gmail.com>"
"urn:cite:perseus:flcimg.125.1"	"LAW.125.tif"	"Creative Commons Attribution-NonCommercial-ShareAlike 3.0 Unported License."	""	""	"Tisch Library, Tufts University"	"2013-10-01"	"125"	""	"Bridget Almas <balmas@gmail.com>"
"urn:cite:perseus:flcimg.126.1"	"LAW.126.tif"	"Creative Commons Attribution-NonCommercial-ShareAlike 3.0 Unported License."	""	""	"Tisch Library, Tufts University"	"2013-10-01"	"126"	""	"Bridget Almas <balmas@gmail.com>"
"urn:cite:perseus:flcimg.127.1"	"LAW.127.tif"	"Creative Commons Attribution-NonCommercial-ShareAlike 3.0 Unported License."	""	""	"Tisch Library, Tufts University"	"2013-10-01"	"127"	""	"Bridget Almas <balmas@gmail.com>"
"urn:cite:perseus:flcimg.128.1"	"LAW.128.tif"	"Creative Commons Attribution-NonCommercial-ShareAlike 3.0 Unported License."	""	""	"Tisch Library, Tufts University"	"2013-10-01"	"128"	""	"Bridget Almas <balmas@gmail.com>"
"urn:cite:perseus:flcimg.129.1"	"LAW.129.tif"	"Creative Commons Attribution-NonCommercial-ShareAlike 3.0 Unported License."	""	""	"Tisch Library, Tufts University"	"2013-10-01"	"129"	""	"Bridget Almas <balmas@gmail.com>"
"urn:cite:perseus:flcimg.130.1"	"LAW.130.tif"	"Creative Commons Attribution-NonCommercial-ShareAlike 3.0 Unported License."	""	""	"Tisch Library, Tufts University"	"2013-10-01"	"130"	""	"Bridget Almas <balmas@gmail.com>"
"urn:cite:perseus:flcimg.131.1"	"LAW.131.tif"	"Creative Commons Attribution-NonCommercial-ShareAlike 3.0 Unported License."	""	""	"Tisch Library, Tufts University"	"2013-10-01"	"131"	""	"Bridget Almas <balmas@gmail.com>"
"urn:cite:perseus:flcimg.132.1"	"LAW.132.tif"	"Creative Commons Attribution-NonCommercial-ShareAlike 3.0 Unported License."	""	""	"Tisch Library, Tufts University"	"2013-10-01"	"132"	""	"Bridget Almas <balmas@gmail.com>"
"urn:cite:perseus:flcimg.133.1"	"LAW.133.tif"	"Creative Commons Attribution-NonCommercial-ShareAlike 3.0 Unported License."	""	""	"Tisch Library, Tufts University"	"2013-10-01"	"133"	""	"Bridget Almas <balmas@gmail.com>"
"urn:cite:perseus:flcimg.134.1"	"LAW.134.tif"	"Creative Commons Attribution-NonCommercial-ShareAlike 3.0 Unported License."	""	""	"Tisch Library, Tufts University"	"2013-10-01"	"134"	""	"Bridget Almas <balmas@gmail.com>"
"urn:cite:perseus:flcimg.135.1"	"LAW.135.tif"	"Creative Commons Attribution-NonCommercial-ShareAlike 3.0 Unported License."	""	""	"Tisch Library, Tufts University"	"2013-10-01"	"135"	""	"Bridget Almas <balmas@gmail.com>"
"urn:cite:perseus:flcimg.136.1"	"LAW.136.tif"	"Creative Commons Attribution-NonCommercial-ShareAlike 3.0 Unported License."	""	""	"Tisch Library, Tufts University"	"2013-10-01"	"136"	""	"Bridget Almas <balmas@gmail.com>"
"urn:cite:perseus:flcimg.137.1"	"LAW.137.tif"	"Creative Commons Attribution-NonCommercial-ShareAlike 3.0 Unported License."	""	""	"Tisch Library, Tufts University"	"2013-10-01"	"137"	""	"Bridget Almas <balmas@gmail.com>"
"urn:cite:perseus:flcimg.138.1"	"LAW.138.tif"	"Creative Commons Attribution-NonCommercial-ShareAlike 3.0 Unported License."	""	""	"Tisch Library, Tufts University"	"2013-10-01"	"138"	""	"Bridget Almas <balmas@gmail.com>"
"urn:cite:perseus:flcimg.139.1"	"LAW.139.tif"	"Creative Commons Attribution-NonCommercial-ShareAlike 3.0 Unported License."	""	""	"Tisch Library, Tufts University"	"2013-10-01"	"139"	""	"Bridget Almas <balmas@gmail.com>"
"urn:cite:perseus:flcimg.140.1"	"LAW.140.tif"	"Creative Commons Attribution-NonCommercial-ShareAlike 3.0 Unported License."	""	""	"Tisch Library, Tufts University"	"2013-10-01"	"140"	""	"Bridget Almas <balmas@gmail.com>"
"urn:cite:perseus:flcimg.141.1"	"LAW.141.tif"	"Creative Commons Attribution-NonCommercial-ShareAlike 3.0 Unported License."	""	""	"Tisch Library, Tufts University"	"2013-10-01"	"141"	""	"Bridget Almas <balmas@gmail.com>"
"urn:cite:perseus:flcimg.142.1"	"LAW.142.tif"	"Creative Commons Attribution-NonCommercial-ShareAlike 3.0 Unported License."	""	""	"Tisch Library, Tufts University"	"2013-10-01"	"142"	""	"Bridget Almas <balmas@gmail.com>"
"urn:cite:perseus:flcimg.143.1"	"LAW.143.tif"	"Creative Commons Attribution-NonCommercial-ShareAlike 3.0 Unported License."	""	""	"Tisch Library, Tufts University"	"2013-10-01"	"143"	""	"Bridget Almas <balmas@gmail.com>"
"urn:cite:perseus:flcimg.144.1"	"LAW.144.tif"	"Creative Commons Attribution-NonCommercial-ShareAlike 3.0 Unported License."	""	""	"Tisch Library, Tufts University"	"2013-10-01"	"144"	""	"Bridget Almas <balmas@gmail.com>"
"urn:cite:perseus:flcimg.145.1"	"LAW.145.tif"	"Creative Commons Attribution-NonCommercial-ShareAlike 3.0 Unported License."	""	""	"Tisch Library, Tufts University"	"2013-10-01"	"145"	""	"Bridget Almas <balmas@gmail.com>"
"urn:cite:perseus:flcimg.146.1"	"LAW.146.tif"	"Creative Commons Attribution-NonCommercial-ShareAlike 3.0 Unported License."	""	""	"Tisch Library, Tufts University"	"2013-10-01"	"146"	""	"Bridget Almas <balmas@gmail.com>"
"urn:cite:perseus:flcimg.147.1"	"LAW.147.tif"	"Creative Commons Attribution-NonCommercial-ShareAlike 3.0 Unported License."	""	""	"Tisch Library, Tufts University"	"2013-10-01"	"147"	""	"Bridget Almas <balmas@gmail.com>"
"urn:cite:perseus:flcimg.148.1"	"LAW.148.tif"	"Creative Commons Attribution-NonCommercial-ShareAlike 3.0 Unported License."	""	""	"Tisch Library, Tufts University"	"2013-10-01"	"148"	""	"Bridget Almas <balmas@gmail.com>"
"urn:cite:perseus:flcimg.149.1"	"LAW.149.tif"	"Creative Commons Attribution-NonCommercial-ShareAlike 3.0 Unported License."	""	""	"Tisch Library, Tufts University"	"2013-10-01"	"149"	""	"Bridget Almas <balmas@gmail.com>"
"urn:cite:perseus:flcimg.150.1"	"LAW.150.tif"	"Creative Commons Attribution-NonCommercial-ShareAlike 3.0 Unported License."	""	""	"Tisch Library, Tufts University"	"2013-10-01"	"150"	""	"Bridget Almas <balmas@gmail.com>"
"urn:cite:perseus:flcimg.151.1"	"LAW.151.tif"	"Creative Commons Attribution-NonCommercial-ShareAlike 3.0 Unported License."	""	""	"Tisch Library, Tufts University"	"2013-10-01"	"151"	""	"Bridget Almas <balmas@gmail.com>"
"urn:cite:perseus:flcimg.152.1"	"LAW.152.tif"	"Creative Commons Attribution-NonCommercial-ShareAlike 3.0 Unported License."	""	""	"Tisch Library, Tufts University"	"2013-10-01"	"152"	""	"Bridget Almas <balmas@gmail.com>"
"urn:cite:perseus:flcimg.153.1"	"LAW.153.tif"	"Creative Commons Attribution-NonCommercial-ShareAlike 3.0 Unported License."	""	""	"Tisch Library, Tufts University"	"2013-10-01"	"153"	""	"Bridget Almas <balmas@gmail.com>"
"urn:cite:perseus:flcimg.154.1"	"LAW.154.tif"	"Creative Commons Attribution-NonCommercial-ShareAlike 3.0 Unported License."	""	""	"Tisch Library, Tufts University"	"2013-10-01"	"154"	""	"Bridget Almas <balmas@gmail.com>"
"urn:cite:perseus:flcimg.155.1"	"LAW.155.tif"	"Creative Commons Attribution-NonCommercial-ShareAlike 3.0 Unported License."	""	""	"Tisch Library, Tufts University"	"2013-10-01"	"155"	""	"Bridget Almas <balmas@gmail.com>"
"urn:cite:perseus:flcimg.156.1"	"LAW.156.tif"	"Creative Commons Attribution-NonCommercial-ShareAlike 3.0 Unported License."	""	""	"Tisch Library, Tufts University"	"2013-10-01"	"156"	""	"Bridget Almas <balmas@gmail.com>"
"urn:cite:perseus:flcimg.157.1"	"LAW.157.tif"	"Creative Commons Attribution-NonCommercial-ShareAlike 3.0 Unported License."	""	""	"Tisch Library, Tufts University"	"2013-10-01"	"157"	""	"Bridget Almas <balmas@gmail.com>"
"urn:cite:perseus:flcimg.158.1"	"LAW.158.tif"	"Creative Commons Attribution-NonCommercial-ShareAlike 3.0 Unported License."	""	""	"Tisch Library, Tufts University"	"2013-10-01"	"158"	""	"Bridget Almas <balmas@gmail.com>"
"urn:cite:perseus:flcimg.159.1"	"LAW.159.tif"	"Creative Commons Attribution-NonCommercial-ShareAlike 3.0 Unported License."	""	""	"Tisch Library, Tufts University"	"2013-10-01"	"159"	""	"Bridget Almas <balmas@gmail.com>"
"urn:cite:perseus:flcimg.160.1"	"LAW.160.tif"	"Creative Commons Attribution-NonCommercial-ShareAlike 3.0 Unported License."	""	""	"Tisch Library, Tufts University"	"2013-10-01"	"160"	""	"Bridget Almas <balmas@gmail.com>"
"urn:cite:perseus:flcimg.161.1"	"LAW.161.tif"	"Creative Commons Attribution-NonCommercial-ShareAlike 3.0 Unported License."	""	""	"Tisch Library, Tufts University"	"2013-10-01"	"161"	""	"Bridget Almas <balmas@gmail.com>"
"urn:cite:perseus:flcimg.162.1"	"LAW.162.tif"	"Creative Commons Attribution-NonCommercial-ShareAlike 3.0 Unported License."	""	""	"Tisch Library, Tufts University"	"2013-10-01"	"162"	""	"Bridget Almas <balmas@gmail.com>"
"urn:cite:perseus:flcimg.163.1"	"LAW.163.tif"	"Creative Commons Attribution-NonCommercial-ShareAlike 3.0 Unported License."	""	""	"Tisch Library, Tufts University"	"2013-10-01"	"163"	""	"Bridget Almas <balmas@gmail.com>"
"urn:cite:perseus:flcimg.164.1"	"LAW.164.tif"	"Creative Commons Attribution-NonCommercial-ShareAlike 3.0 Unported License."	""	""	"Tisch Library, Tufts University"	"2013-10-01"	"164"	""	"Bridget Almas <balmas@gmail.com>"
"urn:cite:perseus:flcimg.165.1"	"LAW.165.tif"	"Creative Commons Attribution-NonCommercial-ShareAlike 3.0 Unported License."	""	""	"Tisch Library, Tufts University"	"2013-10-01"	"165"	""	"Bridget Almas <balmas@gmail.com>"
"urn:cite:perseus:flcimg.166.1"	"LAW.166.tif"	"Creative Commons Attribution-NonCommercial-ShareAlike 3.0 Unported License."	""	""	"Tisch Library, Tufts University"	"2013-10-01"	"166"	""	"Bridget Almas <balmas@gmail.com>"
"urn:cite:perseus:flcimg.167.1"	"LAW.167.tif"	"Creative Commons Attribution-NonCommercial-ShareAlike 3.0 Unported License."	""	""	"Tisch Library, Tufts University"	"2013-10-01"	"167"	""	"Bridget Almas <balmas@gmail.com>"
"urn:cite:perseus:flcimg.168.1"	"LAW.168.tif"	"Creative Commons Attribution-NonCommercial-ShareAlike 3.0 Unported License."	""	""	"Tisch Library, Tufts University"	"2013-10-01"	"168"	""	"Bridget Almas <balmas@gmail.com>"
"urn:cite:perseus:flcimg.169.1"	"LAW.169.tif"	"Creative Commons Attribution-NonCommercial-ShareAlike 3.0 Unported License."	""	""	"Tisch Library, Tufts University"	"2013-10-01"	"169"	""	"Bridget Almas <balmas@gmail.com>"
"urn:cite:perseus:flcimg.170.1"	"LAW.170.tif"	"Creative Commons Attribution-NonCommercial-ShareAlike 3.0 Unported License."	""	""	"Tisch Library, Tufts University"	"2013-10-01"	"170"	""	"Bridget Almas <balmas@gmail.com>"
"urn:cite:perseus:flcimg.171.1"	"LAW.171.tif"	"Creative Commons Attribution-NonCommercial-ShareAlike 3.0 Unported License."	""	""	"Tisch Library, Tufts University"	"2013-10-01"	"171"	""	"Bridget Almas <balmas@gmail.com>"
"urn:cite:perseus:flcimg.172.1"	"LAW.172.tif"	"Creative Commons Attribution-NonCommercial-ShareAlike 3.0 Unported License."	""	""	"Tisch Library, Tufts University"	"2013-10-01"	"172"	""	"Bridget Almas <balmas@gmail.com>"
"urn:cite:perseus:flcimg.173.1"	"LAW.173.tif"	"Creative Commons Attribution-NonCommercial-ShareAlike 3.0 Unported License."	""	""	"Tisch Library, Tufts University"	"2013-10-01"	"173"	""	"Bridget Almas <balmas@gmail.com>"
"urn:cite:perseus:flcimg.174.1"	"LAW.174.tif"	"Creative Commons Attribution-NonCommercial-ShareAlike 3.0 Unported License."	""	""	"Tisch Library, Tufts University"	"2013-10-01"	"174"	""	"Bridget Almas <balmas@gmail.com>"
"urn:cite:perseus:flcimg.175.1"	"LAW.175.tif"	"Creative Commons Attribution-NonCommercial-ShareAlike 3.0 Unported License."	""	""	"Tisch Library, Tufts University"	"2013-10-01"	"175"	""	"Bridget Almas <balmas@gmail.com>"
"urn:cite:perseus:flcimg.176.1"	"LAW.176.tif"	"Creative Commons Attribution-NonCommercial-ShareAlike 3.0 Unported License."	""	""	"Tisch Library, Tufts University"	"2013-10-01"	"176"	""	"Bridget Almas <balmas@gmail.com>"
"urn:cite:perseus:flcimg.177.1"	"LAW.177.tif"	"Creative Commons Attribution-NonCommercial-ShareAlike 3.0 Unported License."	""	""	"Tisch Library, Tufts University"	"2013-10-01"	"177"	""	"Bridget Almas <balmas@gmail.com>"
"urn:cite:perseus:flcimg.178.1"	"LAW.178.tif"	"Creative Commons Attribution-NonCommercial-ShareAlike 3.0 Unported License."	""	""	"Tisch Library, Tufts University"	"2013-10-01"	"178"	""	"Bridget Almas <balmas@gmail.com>"
"urn:cite:perseus:flcimg.179.1"	"LAW.179.tif"	"Creative Commons Attribution-NonCommercial-ShareAlike 3.0 Unported License."	""	""	"Tisch Library, Tufts University"	"2013-10-01"	"179"	""	"Bridget Almas <balmas@gmail.com>"
"urn:cite:perseus:flcimg.180.1"	"LAW.180.tif"	"Creative Commons Attribution-NonCommercial-ShareAlike 3.0 Unported License."	""	""	"Tisch Library, Tufts University"	"2013-10-01"	"180"	""	"Bridget Almas <balmas@gmail.com>"
"urn:cite:perseus:flcimg.181.1"	"LAW.181.tif"	"Creative Commons Attribution-NonCommercial-ShareAlike 3.0 Unported License."	""	""	"Tisch Library, Tufts University"	"2013-10-01"	"181"	""	"Bridget Almas <balmas@gmail.com>"
"urn:cite:perseus:flcimg.182.1"	"LAW.182.tif"	"Creative Commons Attribution-NonCommercial-ShareAlike 3.0 Unported License."	""	""	"Tisch Library, Tufts University"	"2013-10-01"	"182"	""	"Bridget Almas <balmas@gmail.com>"
"urn:cite:perseus:flcimg.183.1"	"LAW.183.tif"	"Creative Commons Attribution-NonCommercial-ShareAlike 3.0 Unported License."	""	""	"Tisch Library, Tufts University"	"2013-10-01"	"183"	""	"Bridget Almas <balmas@gmail.com>"
"urn:cite:perseus:flcimg.184.1"	"LAW.184.tif"	"Creative Commons Attribution-NonCommercial-ShareAlike 3.0 Unported License."	""	""	"Tisch Library, Tufts University"	"2013-10-01"	"184"	""	"Bridget Almas <balmas@gmail.com>"
"urn:cite:perseus:flcimg.185.1"	"LAW.185.tif"	"Creative Commons Attribution-NonCommercial-ShareAlike 3.0 Unported License."	""	""	"Tisch Library, Tufts University"	"2013-10-01"	"185"	""	"Bridget Almas <balmas@gmail.com>"
"urn:cite:perseus:flcimg.186.1"	"LAW.186.tif"	"Creative Commons Attribution-NonCommercial-ShareAlike 3.0 Unported License."	""	""	"Tisch Library, Tufts University"	"2013-10-01"	"186"	""	"Bridget Almas <balmas@gmail.com>"
"urn:cite:perseus:flcimg.187.1"	"LAW.187.tif"	"Creative Commons Attribution-NonCommercial-ShareAlike 3.0 Unported License."	""	""	"Tisch Library, Tufts University"	"2013-10-01"	"187"	""	"Bridget Almas <balmas@gmail.com>"
"urn:cite:perseus:flcimg.188.1"	"LAW.188.tif"	"Creative Commons Attribution-NonCommercial-ShareAlike 3.0 Unported License."	""	""	"Tisch Library, Tufts University"	"2013-10-01"	"188"	""	"Bridget Almas <balmas@gmail.com>"
"urn:cite:perseus:flcimg.189.1"	"LAW.189.tif"	"Creative Commons Attribution-NonCommercial-ShareAlike 3.0 Unported License."	""	""	"Tisch Library, Tufts University"	"2013-10-01"	"189"	""	"Bridget Almas <balmas@gmail.com>"
"urn:cite:perseus:flcimg.190.1"	"LAW.190.tif"	"Creative Commons Attribution-NonCommercial-ShareAlike 3.0 Unported License."	""	""	"Tisch Library, Tufts University"	"2013-10-01"	"190"	""	"Bridget Almas <balmas@gmail.com>"
"urn:cite:perseus:flcimg.191.1"	"LAW.191.tif"	"Creative Commons Attribution-NonCommercial-ShareAlike 3.0 Unported License."	""	""	"Tisch Library, Tufts University"	"2013-10-01"	"191"	""	"Bridget Almas <balmas@gmail.com>"
"urn:cite:perseus:flcimg.192.1"	"LAW.192.tif"	"Creative Commons Attribution-NonCommercial-ShareAlike 3.0 Unported License."	""	""	"Tisch Library, Tufts University"	"2013-10-01"	"192"	""	"Bridget Almas <balmas@gmail.com>"
"urn:cite:perseus:flcimg.193.1"	"LAW.193.tif"	"Creative Commons Attribution-NonCommercial-ShareAlike 3.0 Unported License."	""	""	"Tisch Library, Tufts University"	"2013-10-01"	"193"	""	"Bridget Almas <balmas@gmail.com>"
"urn:cite:perseus:flcimg.194.1"	"LAW.194.tif"	"Creative Commons Attribution-NonCommercial-ShareAlike 3.0 Unported License."	""	""	"Tisch Library, Tufts University"	"2013-10-01"	"194"	""	"Bridget Almas <balmas@gmail.com>"
"urn:cite:perseus:flcimg.195.1"	"LAW.195.tif"	"Creative Commons Attribution-NonCommercial-ShareAlike 3.0 Unported License."	""	""	"Tisch Library, Tufts University"	"2013-10-01"	"195"	""	"Bridget Almas <balmas@gmail.com>"
"urn:cite:perseus:flcimg.196.1"	"LAW.196.tif"	"Creative Commons Attribution-NonCommercial-ShareAlike 3.0 Unported License."	""	""	"Tisch Library, Tufts University"	"2013-10-01"	"196"	""	"Bridget Almas <balmas@gmail.com>"
"urn:cite:perseus:flcimg.197.1"	"LAW.197.tif"	"Creative Commons Attribution-NonCommercial-ShareAlike 3.0 Unported License."	""	""	"Tisch Library, Tufts University"	"2013-10-01"	"197"	""	"Bridget Almas <balmas@gmail.com>"
"urn:cite:perseus:flcimg.198.1"	"LAW.198.tif"	"Creative Commons Attribution-NonCommercial-ShareAlike 3.0 Unported License."	""	""	"Tisch Library, Tufts University"	"2013-10-01"	"198"	""	"Bridget Almas <balmas@gmail.com>"
"urn:cite:perseus:flcimg.199.1"	"LAW.199.tif"	"Creative Commons Attribution-NonCommercial-ShareAlike 3.0 Unported License."	""	""	"Tisch Library, Tufts University"	"2013-10-01"	"199"	""	"Bridget Almas <balmas@gmail.com>"
"urn:cite:perseus:flcimg.200.1"	"LAW.200.tif"	"Creative Commons Attribution-NonCommercial-ShareAlike 3.0 Unported License."	""	""	"Tisch Library, Tufts University"	"2013-10-01"	"200"	""	"Bridget Almas <balmas@gmail.com>"
"urn:cite:perseus:flcimg.201.1"	"LAW.201.tif"	"Creative Commons Attribution-NonCommercial-ShareAlike 3.0 Unported License."	""	""	"Tisch Library, Tufts University"	"2013-10-01"	"201"	""	"Bridget Almas <balmas@gmail.com>"
"urn:cite:perseus:flcimg.202.1"	"LAW.202.tif"	"Creative Commons Attribution-NonCommercial-ShareAlike 3.0 Unported License."	""	""	"Tisch Library, Tufts University"	"2013-10-01"	"202"	""	"Bridget Almas <balmas@gmail.com>"
"urn:cite:perseus:flcimg.203.1"	"LAW.203.tif"	"Creative Commons Attribution-NonCommercial-ShareAlike 3.0 Unported License."	""	""	"Tisch Library, Tufts University"	"2013-10-01"	"203"	""	"Bridget Almas <balmas@gmail.com>"
"urn:cite:perseus:flcimg.204.1"	"LAW.204.tif"	"Creative Commons Attribution-NonCommercial-ShareAlike 3.0 Unported License."	""	""	"Tisch Library, Tufts University"	"2013-10-01"	"204"	""	"Bridget Almas <balmas@gmail.com>"
"urn:cite:perseus:flcimg.205.1"	"LAW.205.tif"	"Creative Commons Attribution-NonCommercial-ShareAlike 3.0 Unported License."	""	""	"Tisch Library, Tufts University"	"2013-10-01"	"205"	""	"Bridget Almas <balmas@gmail.com>"
"urn:cite:perseus:flcimg.206.1"	"LAW.206.tif"	"Creative Commons Attribution-NonCommercial-ShareAlike 3.0 Unported License."	""	""	"Tisch Library, Tufts University"	"2013-10-01"	"206"	""	"Bridget Almas <balmas@gmail.com>"
"urn:cite:perseus:flcimg.207.1"	"LAW.207.tif"	"Creative Commons Attribution-NonCommercial-ShareAlike 3.0 Unported License."	""	""	"Tisch Library, Tufts University"	"2013-10-01"	"207"	""	"Bridget Almas <balmas@gmail.com>"
"urn:cite:perseus:flcimg.208.1"	"LAW.208.tif"	"Creative Commons Attribution-NonCommercial-ShareAlike 3.0 Unported License."	""	""	"Tisch Library, Tufts University"	"2013-10-01"	"208"	""	"Bridget Almas <balmas@gmail.com>"
"urn:cite:perseus:flcimg.209.1"	"LAW.209.tif"	"Creative Commons Attribution-NonCommercial-ShareAlike 3.0 Unported License."	""	""	"Tisch Library, Tufts University"	"2013-10-01"	"209"	""	"Bridget Almas <balmas@gmail.com>"
"urn:cite:perseus:flcimg.210.1"	"LAW.210.tif"	"Creative Commons Attribution-NonCommercial-ShareAlike 3.0 Unported License."	""	""	"Tisch Library, Tufts University"	"2013-10-01"	"210"	""	"Bridget Almas <balmas@gmail.com>"
"urn:cite:perseus:flcimg.211.1"	"LAW.211.tif"	"Creative Commons Attribution-NonCommercial-ShareAlike 3.0 Unported License."	""	""	"Tisch Library, Tufts University"	"2013-10-01"	"211"	""	"Bridget Almas <balmas@gmail.com>"
"urn:cite:perseus:flcimg.212.1"	"LAW.212.tif"	"Creative Commons Attribution-NonCommercial-ShareAlike 3.0 Unported License."	""	""	"Tisch Library, Tufts University"	"2013-10-01"	"212"	""	"Bridget Almas <balmas@gmail.com>"
"urn:cite:perseus:flcimg.213.1"	"LAW.213.tif"	"Creative Commons Attribution-NonCommercial-ShareAlike 3.0 Unported License."	""	""	"Tisch Library, Tufts University"	"2013-10-01"	"213"	""	"Bridget Almas <balmas@gmail.com>"
"urn:cite:perseus:flcimg.214.1"	"LAW.214.tif"	"Creative Commons Attribution-NonCommercial-ShareAlike 3.0 Unported License."	""	""	"Tisch Library, Tufts University"	"2013-10-01"	"214"	""	"Bridget Almas <balmas@gmail.com>"
"urn:cite:perseus:flcimg.215.1"	"LAW.215.tif"	"Creative Commons Attribution-NonCommercial-ShareAlike 3.0 Unported License."	""	""	"Tisch Library, Tufts University"	"2013-10-01"	"215"	""	"Bridget Almas <balmas@gmail.com>"
"urn:cite:perseus:flcimg.216.1"	"LAW.216.tif"	"Creative Commons Attribution-NonCommercial-ShareAlike 3.0 Unported License."	""	""	"Tisch Library, Tufts University"	"2013-10-01"	"216"	""	"Bridget Almas <balmas@gmail.com>"
"urn:cite:perseus:flcimg.217.1"	"LAW.217.tif"	"Creative Commons Attribution-NonCommercial-ShareAlike 3.0 Unported License."	""	""	"Tisch Library, Tufts University"	"2013-10-01"	"217"	""	"Bridget Almas <balmas@gmail.com>"
"urn:cite:perseus:flcimg.218.1"	"LAW.218.tif"	"Creative Commons Attribution-NonCommercial-ShareAlike 3.0 Unported License."	""	""	"Tisch Library, Tufts University"	"2013-10-01"	"218"	""	"Bridget Almas <balmas@gmail.com>"
"urn:cite:perseus:flcimg.219.1"	"LAW.219.tif"	"Creative Commons Attribution-NonCommercial-ShareAlike 3.0 Unported License."	""	""	"Tisch Library, Tufts University"	"2013-10-01"	"219"	""	"Bridget Almas <balmas@gmail.com>"
"urn:cite:perseus:flcimg.220.1"	"LAW.220.tif"	"Creative Commons Attribution-NonCommercial-ShareAlike 3.0 Unported License."	""	""	"Tisch Library, Tufts University"	"2013-10-01"	"220"	""	"Bridget Almas <balmas@gmail.com>"
"urn:cite:perseus:flcimg.221.1"	"LAW.221.tif"	"Creative Commons Attribution-NonCommercial-ShareAlike 3.0 Unported License."	""	""	"Tisch Library, Tufts University"	"2013-10-01"	"221"	""	"Bridget Almas <balmas@gmail.com>"
"urn:cite:perseus:flcimg.222.1"	"LAW.222.tif"	"Creative Commons Attribution-NonCommercial-ShareAlike 3.0 Unported License."	""	""	"Tisch Library, Tufts University"	"2013-10-01"	"222"	""	"Bridget Almas <balmas@gmail.com>"
"urn:cite:perseus:flcimg.223.1"	"LAW.223.tif"	"Creative Commons Attribution-NonCommercial-ShareAlike 3.0 Unported License."	""	""	"Tisch Library, Tufts University"	"2013-10-01"	"223"	""	"Bridget Almas <balmas@gmail.com>"
"urn:cite:perseus:flcimg.224.1"	"LAW.224.tif"	"Creative Commons Attribution-NonCommercial-ShareAlike 3.0 Unported License."	""	""	"Tisch Library, Tufts University"	"2013-10-01"	"224"	""	"Bridget Almas <balmas@gmail.com>"
"urn:cite:perseus:flcimg.225.1"	"LAW.225.tif"	"Creative Commons Attribution-NonCommercial-ShareAlike 3.0 Unported License."	""	""	"Tisch Library, Tufts University"	"2013-10-01"	"225"	""	"Bridget Almas <balmas@gmail.com>"
"urn:cite:perseus:flcimg.226.1"	"LAW.226.tif"	"Creative Commons Attribution-NonCommercial-ShareAlike 3.0 Unported License."	""	""	"Tisch Library, Tufts University"	"2013-10-01"	"226"	""	"Bridget Almas <balmas@gmail.com>"
"urn:cite:perseus:flcimg.227.1"	"LAW.227.tif"	"Creative Commons Attribution-NonCommercial-ShareAlike 3.0 Unported License."	""	""	"Tisch Library, Tufts University"	"2013-10-01"	"227"	""	"Bridget Almas <balmas@gmail.com>"
"urn:cite:perseus:flcimg.228.1"	"LAW.228.tif"	"Creative Commons Attribution-NonCommercial-ShareAlike 3.0 Unported License."	""	""	"Tisch Library, Tufts University"	"2013-10-01"	"228"	""	"Bridget Almas <balmas@gmail.com>"
"urn:cite:perseus:flcimg.229.1"	"LAW.229.tif"	"Creative Commons Attribution-NonCommercial-ShareAlike 3.0 Unported License."	""	""	"Tisch Library, Tufts University"	"2013-10-01"	"229"	""	"Bridget Almas <balmas@gmail.com>"
"urn:cite:perseus:flcimg.230.1"	"LAW.230.tif"	"Creative Commons Attribution-NonCommercial-ShareAlike 3.0 Unported License."	""	""	"Tisch Library, Tufts University"	"2013-10-01"	"230"	""	"Bridget Almas <balmas@gmail.com>"
"urn:cite:perseus:flcimg.231.1"	"LAW.231.tif"	"Creative Commons Attribution-NonCommercial-ShareAlike 3.0 Unported License."	""	""	"Tisch Library, Tufts University"	"2013-10-01"	"231"	""	"Bridget Almas <balmas@gmail.com>"
"urn:cite:perseus:flcimg.232.1"	"LAW.232.tif"	"Creative Commons Attribution-NonCommercial-ShareAlike 3.0 Unported License."	""	""	"Tisch Library, Tufts University"	"2013-10-01"	"232"	""	"Bridget Almas <balmas@gmail.com>"
"urn:cite:perseus:flcimg.233.1"	"LAW.233.tif"	"Creative Commons Attribution-NonCommercial-ShareAlike 3.0 Unported License."	""	""	"Tisch Library, Tufts University"	"2013-10-01"	"233"	""	"Bridget Almas <balmas@gmail.com>"
"urn:cite:perseus:flcimg.234.1"	"LAW.234.tif"	"Creative Commons Attribution-NonCommercial-ShareAlike 3.0 Unported License."	""	""	"Tisch Library, Tufts University"	"2013-10-01"	"234"	""	"Bridget Almas <balmas@gmail.com>"
"urn:cite:perseus:flcimg.235.1"	"LAW.235.tif"	"Creative Commons Attribution-NonCommercial-ShareAlike 3.0 Unported License."	""	""	"Tisch Library, Tufts University"	"2013-10-01"	"235"	""	"Bridget Almas <balmas@gmail.com>"
"urn:cite:perseus:flcimg.236.1"	"LAW.236.tif"	"Creative Commons Attribution-NonCommercial-ShareAlike 3.0 Unported License."	""	""	"Tisch Library, Tufts University"	"2013-10-01"	"236"	""	"Bridget Almas <balmas@gmail.com>"
"urn:cite:perseus:flcimg.237.1"	"LAW.237.tif"	"Creative Commons Attribution-NonCommercial-ShareAlike 3.0 Unported License."	""	""	"Tisch Library, Tufts University"	"2013-10-01"	"237"	""	"Bridget Almas <balmas@gmail.com>"
"urn:cite:perseus:flcimg.238.1"	"LAW.238.tif"	"Creative Commons Attribution-NonCommercial-ShareAlike 3.0 Unported License."	""	""	"Tisch Library, Tufts University"	"2013-10-01"	"238"	""	"Bridget Almas <balmas@gmail.com>"
"urn:cite:perseus:flcimg.239.1"	"LAW.239.tif"	"Creative Commons Attribution-NonCommercial-ShareAlike 3.0 Unported License."	""	""	"Tisch Library, Tufts University"	"2013-10-01"	"239"	""	"Bridget Almas <balmas@gmail.com>"
"urn:cite:perseus:flcimg.240.1"	"LAW.240.tif"	"Creative Commons Attribution-NonCommercial-ShareAlike 3.0 Unported License."	""	""	"Tisch Library, Tufts University"	"2013-10-01"	"240"	""	"Bridget Almas <balmas@gmail.com>"
"urn:cite:perseus:flcimg.241.1"	"LAW.241.tif"	"Creative Commons Attribution-NonCommercial-ShareAlike 3.0 Unported License."	""	""	"Tisch Library, Tufts University"	"2013-10-01"	"241"	""	"Bridget Almas <balmas@gmail.com>"
"urn:cite:perseus:flcimg.242.1"	"LAW.242.tif"	"Creative Commons Attribution-NonCommercial-ShareAlike 3.0 Unported License."	""	""	"Tisch Library, Tufts University"	"2013-10-01"	"242"	""	"Bridget Almas <balmas@gmail.com>"
"urn:cite:perseus:flcimg.243.1"	"LAW.243.tif"	"Creative Commons Attribution-NonCommercial-ShareAlike 3.0 Unported License."	""	""	"Tisch Library, Tufts University"	"2013-10-01"	"243"	""	"Bridget Almas <balmas@gmail.com>"
"urn:cite:perseus:flcimg.244.1"	"LAW.244.tif"	"Creative Commons Attribution-NonCommercial-ShareAlike 3.0 Unported License."	""	""	"Tisch Library, Tufts University"	"2013-10-01"	"244"	""	"Bridget Almas <balmas@gmail.com>"
"urn:cite:perseus:flcimg.245.1"	"LAW.245.tif"	"Creative Commons Attribution-NonCommercial-ShareAlike 3.0 Unported License."	""	""	"Tisch Library, Tufts University"	"2013-10-01"	"245"	""	"Bridget Almas <balmas@gmail.com>"
"urn:cite:perseus:flcimg.246.1"	"LAW.246.tif"	"Creative Commons Attribution-NonCommercial-ShareAlike 3.0 Unported License."	""	""	"Tisch Library, Tufts University"	"2013-10-01"	"246"	""	"Bridget Almas <balmas@gmail.com>"
"urn:cite:perseus:flcimg.247.1"	"LAW.247.tif"	"Creative Commons Attribution-NonCommercial-ShareAlike 3.0 Unported License."	""	""	"Tisch Library, Tufts University"	"2013-10-01"	"247"	""	"Bridget Almas <balmas@gmail.com>"
"urn:cite:perseus:flcimg.248.1"	"LAW.248.tif"	"Creative Commons Attribution-NonCommercial-ShareAlike 3.0 Unported License."	""	""	"Tisch Library, Tufts University"	"2013-10-01"	"248"	""	"Bridget Almas <balmas@gmail.com>"
"urn:cite:perseus:flcimg.249.1"	"LAW.249.tif"	"Creative Commons Attribution-NonCommercial-ShareAlike 3.0 Unported License."	""	""	"Tisch Library, Tufts University"	"2013-10-01"	"249"	""	"Bridget Almas <balmas@gmail.com>"
"urn:cite:perseus:flcimg.250.1"	"LAW.250.tif"	"Creative Commons Attribution-NonCommercial-ShareAlike 3.0 Unported License."	""	""	"Tisch Library, Tufts University"	"2013-10-01"	"250"	""	"Bridget Almas <balmas@gmail.com>"
"urn:cite:perseus:flcimg.251.1"	"LAW.251.tif"	"Creative Commons Attribution-NonCommercial-ShareAlike 3.0 Unported License."	""	""	"Tisch Library, Tufts University"	"2013-10-01"	"251"	""	"Bridget Almas <balmas@gmail.com>"
"urn:cite:perseus:flcimg.252.1"	"LAW.252.tif"	"Creative Commons Attribution-NonCommercial-ShareAlike 3.0 Unported License."	""	""	"Tisch Library, Tufts University"	"2013-10-01"	"252"	""	"Bridget Almas <balmas@gmail.com>"
"urn:cite:perseus:flcimg.253.1"	"LAW.253.tif"	"Creative Commons Attribution-NonCommercial-ShareAlike 3.0 Unported License."	""	""	"Tisch Library, Tufts University"	"2013-10-01"	"253"	""	"Bridget Almas <balmas@gmail.com>"
"urn:cite:perseus:flcimg.254.1"	"LAW.254.tif"	"Creative Commons Attribution-NonCommercial-ShareAlike 3.0 Unported License."	""	""	"Tisch Library, Tufts University"	"2013-10-01"	"254"	""	"Bridget Almas <balmas@gmail.com>"
"urn:cite:perseus:flcimg.255.1"	"LAW.255.tif"	"Creative Commons Attribution-NonCommercial-ShareAlike 3.0 Unported License."	""	""	"Tisch Library, Tufts University"	"2013-10-01"	"255"	""	"Bridget Almas <balmas@gmail.com>"
"urn:cite:perseus:flcimg.256.1"	"LAW.256.tif"	"Creative Commons Attribution-NonCommercial-ShareAlike 3.0 Unported License."	""	""	"Tisch Library, Tufts University"	"2013-10-01"	"256"	""	"Bridget Almas <balmas@gmail.com>"
"urn:cite:perseus:flcimg.257.1"	"LAW.257.tif"	"Creative Commons Attribution-NonCommercial-ShareAlike 3.0 Unported License."	""	""	"Tisch Library, Tufts University"	"2013-10-01"	"257"	""	"Bridget Almas <balmas@gmail.com>"
"urn:cite:perseus:flcimg.258.1"	"LAW.258.tif"	"Creative Commons Attribution-NonCommercial-ShareAlike 3.0 Unported License."	""	""	"Tisch Library, Tufts University"	"2013-10-01"	"258"	""	"Bridget Almas <balmas@gmail.com>"
"urn:cite:perseus:flcimg.259.1"	"LAW.259.tif"	"Creative Commons Attribution-NonCommercial-ShareAlike 3.0 Unported License."	""	""	"Tisch Library, Tufts University"	"2013-10-01"	"259"	""	"Bridget Almas <balmas@gmail.com>"
"urn:cite:perseus:flcimg.260.1"	"LAW.260.tif"	"Creative Commons Attribution-NonCommercial-ShareAlike 3.0 Unported License."	""	""	"Tisch Library, Tufts University"	"2013-10-01"	"260"	""	"Bridget Almas <balmas@gmail.com>"
"urn:cite:perseus:flcimg.261.1"	"LAW.261.tif"	"Creative Commons Attribution-NonCommercial-ShareAlike 3.0 Unported License."	""	""	"Tisch Library, Tufts University"	"2013-10-01"	"261"	""	"Bridget Almas <balmas@gmail.com>"
"urn:cite:perseus:flcimg.262.1"	"LAW.262.tif"	"Creative Commons Attribution-NonCommercial-ShareAlike 3.0 Unported License."	""	""	"Tisch Library, Tufts University"	"2013-10-01"	"262"	""	"Bridget Almas <balmas@gmail.com>"
"urn:cite:perseus:flcimg.263.1"	"LAW.263.tif"	"Creative Commons Attribution-NonCommercial-ShareAlike 3.0 Unported License."	""	""	"Tisch Library, Tufts University"	"2013-10-01"	"263"	""	"Bridget Almas <balmas@gmail.com>"
"urn:cite:perseus:flcimg.264.1"	"LAW.264.tif"	"Creative Commons Attribution-NonCommercial-ShareAlike 3.0 Unported License."	""	""	"Tisch Library, Tufts University"	"2013-10-01"	"264"	""	"Bridget Almas <balmas@gmail.com>"
"urn:cite:perseus:flcimg.265.1"	"LAW.265.tif"	"Creative Commons Attribution-NonCommercial-ShareAlike 3.0 Unported License."	""	""	"Tisch Library, Tufts University"	"2013-10-01"	"265"	""	"Bridget Almas <balmas@gmail.com>"
"urn:cite:perseus:flcimg.266.1"	"LAW.266.tif"	"Creative Commons Attribution-NonCommercial-ShareAlike 3.0 Unported License."	""	""	"Tisch Library, Tufts University"	"2013-10-01"	"266"	""	"Bridget Almas <balmas@gmail.com>"
"urn:cite:perseus:flcimg.267.1"	"LAW.267.tif"	"Creative Commons Attribution-NonCommercial-ShareAlike 3.0 Unported License."	""	""	"Tisch Library, Tufts University"	"2013-10-01"	"267"	""	"Bridget Almas <balmas@gmail.com>"
"urn:cite:perseus:flcimg.268.1"	"LAW.268.tif"	"Creative Commons Attribution-NonCommercial-ShareAlike 3.0 Unported License."	""	""	"Tisch Library, Tufts University"	"2013-10-01"	"268"	""	"Bridget Almas <balmas@gmail.com>"
"urn:cite:perseus:flcimg.269.1"	"LAW.269.tif"	"Creative Commons Attribution-NonCommercial-ShareAlike 3.0 Unported License."	""	""	"Tisch Library, Tufts University"	"2013-10-01"	"269"	""	"Bridget Almas <balmas@gmail.com>"
"urn:cite:perseus:flcimg.270.1"	"LAW.270.tif"	"Creative Commons Attribution-NonCommercial-ShareAlike 3.0 Unported License."	""	""	"Tisch Library, Tufts University"	"2013-10-01"	"270"	""	"Bridget Almas <balmas@gmail.com>"
"urn:cite:perseus:flcimg.271.1"	"LAW.271.tif"	"Creative Commons Attribution-NonCommercial-ShareAlike 3.0 Unported License."	""	""	"Tisch Library, Tufts University"	"2013-10-01"	"271"	""	"Bridget Almas <balmas@gmail.com>"
"urn:cite:perseus:flcimg.272.1"	"LAW.272.tif"	"Creative Commons Attribution-NonCommercial-ShareAlike 3.0 Unported License."	""	""	"Tisch Library, Tufts University"	"2013-10-01"	"272"	""	"Bridget Almas <balmas@gmail.com>"
"urn:cite:perseus:flcimg.273.1"	"LAW.273.tif"	"Creative Commons Attribution-NonCommercial-ShareAlike 3.0 Unported License."	""	""	"Tisch Library, Tufts University"	"2013-10-01"	"273"	""	"Bridget Almas <balmas@gmail.com>"
"urn:cite:perseus:flcimg.274.1"	"LAW.274.tif"	"Creative Commons Attribution-NonCommercial-ShareAlike 3.0 Unported License."	""	""	"Tisch Library, Tufts University"	"2013-10-01"	"274"	""	"Bridget Almas <balmas@gmail.com>"
"urn:cite:perseus:flcimg.275.1"	"LAW.275.tif"	"Creative Commons Attribution-NonCommercial-ShareAlike 3.0 Unported License."	""	""	"Tisch Library, Tufts University"	"2013-10-01"	"275"	""	"Bridget Almas <balmas@gmail.com>"
"urn:cite:perseus:flcimg.276.1"	"LAW.276.tif"	"Creative Commons Attribution-NonCommercial-ShareAlike 3.0 Unported License."	""	""	"Tisch Library, Tufts University"	"2013-10-01"	"276"	""	"Bridget Almas <balmas@gmail.com>"
"urn:cite:perseus:flcimg.277.1"	"LAW.277.tif"	"Creative Commons Attribution-NonCommercial-ShareAlike 3.0 Unported License."	""	""	"Tisch Library, Tufts University"	"2013-10-01"	"277"	""	"Bridget Almas <balmas@gmail.com>"
"urn:cite:perseus:flcimg.278.1"	"LAW.278.tif"	"Creative Commons Attribution-NonCommercial-ShareAlike 3.0 Unported License."	""	""	"Tisch Library, Tufts University"	"2013-10-01"	"278"	""	"Bridget Almas <balmas@gmail.com>"
"urn:cite:perseus:flcimg.279.1"	"LAW.279.tif"	"Creative Commons Attribution-NonCommercial-ShareAlike 3.0 Unported License."	""	""	"Tisch Library, Tufts University"	"2013-10-01"	"279"	""	"Bridget Almas <balmas@gmail.com>"
"urn:cite:perseus:flcimg.280.1"	"LAW.280.tif"	"Creative Commons Attribution-NonCommercial-ShareAlike 3.0 Unported License."	""	""	"Tisch Library, Tufts University"	"2013-10-01"	"280"	""	"Bridget Almas <balmas@gmail.com>"
"urn:cite:perseus:flcimg.281.1"	"LAW.281.tif"	"Creative Commons Attribution-NonCommercial-ShareAlike 3.0 Unported License."	""	""	"Tisch Library, Tufts University"	"2013-10-01"	"281"	""	"Bridget Almas <balmas@gmail.com>"
"urn:cite:perseus:flcimg.282.1"	"LAW.282.tif"	"Creative Commons Attribution-NonCommercial-ShareAlike 3.0 Unported License."	""	""	"Tisch Library, Tufts University"	"2013-10-01"	"282"	""	"Bridget Almas <balmas@gmail.com>"
"urn:cite:perseus:flcimg.283.1"	"LAW.283.tif"	"Creative Commons Attribution-NonCommercial-ShareAlike 3.0 Unported License."	""	""	"Tisch Library, Tufts University"	"2013-10-01"	"283"	""	"Bridget Almas <balmas@gmail.com>"
"urn:cite:perseus:flcimg.284.1"	"LAW.284.tif"	"Creative Commons Attribution-NonCommercial-ShareAlike 3.0 Unported License."	""	""	"Tisch Library, Tufts University"	"2013-10-01"	"284"	""	"Bridget Almas <balmas@gmail.com>"
"urn:cite:perseus:flcimg.285.1"	"LAW.285.tif"	"Creative Commons Attribution-NonCommercial-ShareAlike 3.0 Unported License."	""	""	"Tisch Library, Tufts University"	"2013-10-01"	"285"	""	"Bridget Almas <balmas@gmail.com>"
"urn:cite:perseus:flcimg.286.1"	"LAW.286.tif"	"Creative Commons Attribution-NonCommercial-ShareAlike 3.0 Unported License."	""	""	"Tisch Library, Tufts University"	"2013-10-01"	"286"	""	"Bridget Almas <balmas@gmail.com>"
"urn:cite:perseus:flcimg.287.1"	"LAW.287.tif"	"Creative Commons Attribution-NonCommercial-ShareAlike 3.0 Unported License."	""	""	"Tisch Library, Tufts University"	"2013-10-01"	"287"	""	"Bridget Almas <balmas@gmail.com>"
"urn:cite:perseus:flcimg.288.1"	"LAW.288.tif"	"Creative Commons Attribution-NonCommercial-ShareAlike 3.0 Unported License."	""	""	"Tisch Library, Tufts University"	"2013-10-01"	"288"	""	"Bridget Almas <balmas@gmail.com>"
"urn:cite:perseus:flcimg.289.1"	"LAW.289.tif"	"Creative Commons Attribution-NonCommercial-ShareAlike 3.0 Unported License."	""	""	"Tisch Library, Tufts University"	"2013-10-01"	"289"	""	"Bridget Almas <balmas@gmail.com>"
"urn:cite:perseus:flcimg.290.1"	"LAW.290.tif"	"Creative Commons Attribution-NonCommercial-ShareAlike 3.0 Unported License."	""	""	"Tisch Library, Tufts University"	"2013-10-01"	"290"	""	"Bridget Almas <balmas@gmail.com>"
"urn:cite:perseus:flcimg.291.1"	"LAW.291.tif"	"Creative Commons Attribution-NonCommercial-ShareAlike 3.0 Unported License."	""	""	"Tisch Library, Tufts University"	"2013-10-01"	"291"	""	"Bridget Almas <balmas@gmail.com>"
"urn:cite:perseus:flcimg.292.1"	"LAW.292.tif"	"Creative Commons Attribution-NonCommercial-ShareAlike 3.0 Unported License."	""	""	"Tisch Library, Tufts University"	"2013-10-01"	"292"	""	"Bridget Almas <balmas@gmail.com>"
"urn:cite:perseus:flcimg.293.1"	"LAW.293.tif"	"Creative Commons Attribution-NonCommercial-ShareAlike 3.0 Unported License."	""	""	"Tisch Library, Tufts University"	"2013-10-01"	"293"	""	"Bridget Almas <balmas@gmail.com>"
"urn:cite:perseus:flcimg.294.1"	"LAW.294.tif"	"Creative Commons Attribution-NonCommercial-ShareAlike 3.0 Unported License."	""	""	"Tisch Library, Tufts University"	"2013-10-01"	"294"	""	"Bridget Almas <balmas@gmail.com>"
"urn:cite:perseus:flcimg.295.1"	"LAW.295.tif"	"Creative Commons Attribution-NonCommercial-ShareAlike 3.0 Unported License."	""	""	"Tisch Library, Tufts University"	"2013-10-01"	"295"	""	"Bridget Almas <balmas@gmail.com>"
"urn:cite:perseus:flcimg.296.1"	"LAW.296.tif"	"Creative Commons Attribution-NonCommercial-ShareAlike 3.0 Unported License."	""	""	"Tisch Library, Tufts University"	"2013-10-01"	"296"	""	"Bridget Almas <balmas@gmail.com>"
"urn:cite:perseus:flcimg.297.1"	"LAW.297.tif"	"Creative Commons Attribution-NonCommercial-ShareAlike 3.0 Unported License."	""	""	"Tisch Library, Tufts University"	"2013-10-01"	"297"	""	"Bridget Almas <balmas@gmail.com>"
"urn:cite:perseus:flcimg.298.1"	"LAW.298.tif"	"Creative Commons Attribution-NonCommercial-ShareAlike 3.0 Unported License."	""	""	"Tisch Library, Tufts University"	"2013-10-01"	"298"	""	"Bridget Almas <balmas@gmail.com>"
"urn:cite:perseus:flcimg.299.1"	"LAW.299.tif"	"Creative Commons Attribution-NonCommercial-ShareAlike 3.0 Unported License."	""	""	"Tisch Library, Tufts University"	"2013-10-01"	"299"	""	"Bridget Almas <balmas@gmail.com>"
"urn:cite:perseus:flcimg.300.1"	"LAW.300.tif"	"Creative Commons Attribution-NonCommercial-ShareAlike 3.0 Unported License."	""	""	"Tisch Library, Tufts University"	"2013-10-01"	"300"	""	"Bridget Almas <balmas@gmail.com>"
"urn:cite:perseus:flcimg.301.1"	"LAW.301.tif"	"Creative Commons Attribution-NonCommercial-ShareAlike 3.0 Unported License."	""	""	"Tisch Library, Tufts University"	"2013-10-01"	"301"	""	"Bridget Almas <balmas@gmail.com>"
"urn:cite:perseus:flcimg.302.1"	"LAW.302.tif"	"Creative Commons Attribution-NonCommercial-ShareAlike 3.0 Unported License."	""	""	"Tisch Library, Tufts University"	"2013-10-01"	"302"	""	"Bridget Almas <balmas@gmail.com>"
"urn:cite:perseus:flcimg.303.1"	"LAW.303.tif"	"Creative Commons Attribution-NonCommercial-ShareAlike 3.0 Unported License."	""	""	"Tisch Library, Tufts University"	"2013-10-01"	"303"	""	"Bridget Almas <balmas@gmail.com>"
"urn:cite:perseus:flcimg.304.1"	"LAW.304.tif"	"Creative Commons Attribution-NonCommercial-ShareAlike 3.0 Unported License."	""	""	"Tisch Library, Tufts University"	"2013-10-01"	"304"	""	"Bridget Almas <balmas@gmail.com>"
"urn:cite:perseus:flcimg.305.1"	"LAW.305.tif"	"Creative Commons Attribution-NonCommercial-ShareAlike 3.0 Unported License."	""	""	"Tisch Library, Tufts University"	"2013-10-01"	"305"	""	"Bridget Almas <balmas@gmail.com>"
"urn:cite:perseus:flcimg.306.1"	"LAW.306.tif"	"Creative Commons Attribution-NonCommercial-ShareAlike 3.0 Unported License."	""	""	"Tisch Library, Tufts University"	"2013-10-01"	"306"	""	"Bridget Almas <balmas@gmail.com>"
"urn:cite:perseus:flcimg.307.1"	"LAW.307.tif"	"Creative Commons Attribution-NonCommercial-ShareAlike 3.0 Unported License."	""	""	"Tisch Library, Tufts University"	"2013-10-01"	"307"	""	"Bridget Almas <balmas@gmail.com>"
"urn:cite:perseus:flcimg.308.1"	"LAW.308.tif"	"Creative Commons Attribution-NonCommercial-ShareAlike 3.0 Unported License."	""	""	"Tisch Library, Tufts University"	"2013-10-01"	"308"	""	"Bridget Almas <balmas@gmail.com>"
"urn:cite:perseus:flcimg.309.1"	"LAW.309.tif"	"Creative Commons Attribution-NonCommercial-ShareAlike 3.0 Unported License."	""	""	"Tisch Library, Tufts University"	"2013-10-01"	"309"	""	"Bridget Almas <balmas@gmail.com>"
"urn:cite:perseus:flcimg.310.1"	"LAW.310.tif"	"Creative Commons Attribution-NonCommercial-ShareAlike 3.0 Unported License."	""	""	"Tisch Library, Tufts University"	"2013-10-01"	"310"	""	"Bridget Almas <balmas@gmail.com>"
"urn:cite:perseus:flcimg.311.1"	"LAW.311.tif"	"Creative Commons Attribution-NonCommercial-ShareAlike 3.0 Unported License."	""	""	"Tisch Library, Tufts University"	"2013-10-01"	"311"	""	"Bridget Almas <balmas@gmail.com>"
"urn:cite:perseus:flcimg.312.1"	"LAW.312.tif"	"Creative Commons Attribution-NonCommercial-ShareAlike 3.0 Unported License."	""	""	"Tisch Library, Tufts University"	"2013-10-01"	"312"	""	"Bridget Almas <balmas@gmail.com>"
"urn:cite:perseus:flcimg.313.1"	"LAW.313.tif"	"Creative Commons Attribution-NonCommercial-ShareAlike 3.0 Unported License."	""	""	"Tisch Library, Tufts University"	"2013-10-01"	"313"	""	"Bridget Almas <balmas@gmail.com>"
"urn:cite:perseus:flcimg.314.1"	"LAW.314.tif"	"Creative Commons Attribution-NonCommercial-ShareAlike 3.0 Unported License."	""	""	"Tisch Library, Tufts University"	"2013-10-01"	"314"	""	"Bridget Almas <balmas@gmail.com>"
"urn:cite:perseus:flcimg.315.1"	"LAW.315.tif"	"Creative Commons Attribution-NonCommercial-ShareAlike 3.0 Unported License."	""	""	"Tisch Library, Tufts University"	"2013-10-01"	"315"	""	"Bridget Almas <balmas@gmail.com>"
"urn:cite:perseus:flcimg.316.1"	"LAW.316.tif"	"Creative Commons Attribution-NonCommercial-ShareAlike 3.0 Unported License."	""	""	"Tisch Library, Tufts University"	"2013-10-01"	"316"	""	"Bridget Almas <balmas@gmail.com>"
"urn:cite:perseus:flcimg.317.1"	"LAW.317.tif"	"Creative Commons Attribution-NonCommercial-ShareAlike 3.0 Unported License."	""	""	"Tisch Library, Tufts University"	"2013-10-01"	"317"	""	"Bridget Almas <balmas@gmail.com>"
"urn:cite:perseus:flcimg.318.1"	"LAW.318.tif"	"Creative Commons Attribution-NonCommercial-ShareAlike 3.0 Unported License."	""	""	"Tisch Library, Tufts University"	"2013-10-01"	"318"	""	"Bridget Almas <balmas@gmail.com>"
"urn:cite:perseus:flcimg.319.1"	"LAW.319.tif"	"Creative Commons Attribution-NonCommercial-ShareAlike 3.0 Unported License."	""	""	"Tisch Library, Tufts University"	"2013-10-01"	"319"	""	"Bridget Almas <balmas@gmail.com>"
"urn:cite:perseus:flcimg.320.1"	"LAW.320.tif"	"Creative Commons Attribution-NonCommercial-ShareAlike 3.0 Unported License."	""	""	"Tisch Library, Tufts University"	"2013-10-01"	"320"	""	"Bridget Almas <balmas@gmail.com>"
"urn:cite:perseus:flcimg.321.1"	"LAW.321.tif"	"Creative Commons Attribution-NonCommercial-ShareAlike 3.0 Unported License."	""	""	"Tisch Library, Tufts University"	"2013-10-01"	"321"	""	"Bridget Almas <balmas@gmail.com>"
"urn:cite:perseus:flcimg.322.1"	"LAW.322.tif"	"Creative Commons Attribution-NonCommercial-ShareAlike 3.0 Unported License."	""	""	"Tisch Library, Tufts University"	"2013-10-01"	"322"	""	"Bridget Almas <balmas@gmail.com>"
"urn:cite:perseus:flcimg.323.1"	"LAW.323.tif"	"Creative Commons Attribution-NonCommercial-ShareAlike 3.0 Unported License."	""	""	"Tisch Library, Tufts University"	"2013-10-01"	"323"	""	"Bridget Almas <balmas@gmail.com>"
"urn:cite:perseus:flcimg.324.1"	"LAW.324.tif"	"Creative Commons Attribution-NonCommercial-ShareAlike 3.0 Unported License."	""	""	"Tisch Library, Tufts University"	"2013-10-01"	"324"	""	"Bridget Almas <balmas@gmail.com>"
"urn:cite:perseus:flcimg.325.1"	"LAW.325.tif"	"Creative Commons Attribution-NonCommercial-ShareAlike 3.0 Unported License."	""	""	"Tisch Library, Tufts University"	"2013-10-01"	"325"	""	"Bridget Almas <balmas@gmail.com>"
"urn:cite:perseus:flcimg.326.1"	"LAW.326.tif"	"Creative Commons Attribution-NonCommercial-ShareAlike 3.0 Unported License."	""	""	"Tisch Library, Tufts University"	"2013-10-01"	"326"	""	"Bridget Almas <balmas@gmail.com>"
"urn:cite:perseus:flcimg.327.1"	"LAW.327.tif"	"Creative Commons Attribution-NonCommercial-ShareAlike 3.0 Unported License."	""	""	"Tisch Library, Tufts University"	"2013-10-01"	"327"	""	"Bridget Almas <balmas@gmail.com>"
"urn:cite:perseus:flcimg.328.1"	"LAW.328.tif"	"Creative Commons Attribution-NonCommercial-ShareAlike 3.0 Unported License."	""	""	"Tisch Library, Tufts University"	"2013-10-01"	"328"	""	"Bridget Almas <balmas@gmail.com>"
"urn:cite:perseus:flcimg.329.1"	"LAW.329.tif"	"Creative Commons Attribution-NonCommercial-ShareAlike 3.0 Unported License."	""	""	"Tisch Library, Tufts University"	"2013-10-01"	"329"	""	"Bridget Almas <balmas@gmail.com>"
"urn:cite:perseus:flcimg.330.1"	"LAW.330.tif"	"Creative Commons Attribution-NonCommercial-ShareAlike 3.0 Unported License."	""	""	"Tisch Library, Tufts University"	"2013-10-01"	"330"	""	"Bridget Almas <balmas@gmail.com>"
"urn:cite:perseus:flcimg.331.1"	"LAW.331.tif"	"Creative Commons Attribution-NonCommercial-ShareAlike 3.0 Unported License."	""	""	"Tisch Library, Tufts University"	"2013-10-01"	"331"	""	"Bridget Almas <balmas@gmail.com>"
"urn:cite:perseus:flcimg.332.1"	"LAW.332.tif"	"Creative Commons Attribution-NonCommercial-ShareAlike 3.0 Unported License."	""	""	"Tisch Library, Tufts University"	"2013-10-01"	"332"	""	"Bridget Almas <balmas@gmail.com>"
"urn:cite:perseus:flcimg.333.1"	"LAW.333.tif"	"Creative Commons Attribution-NonCommercial-ShareAlike 3.0 Unported License."	""	""	"Tisch Library, Tufts University"	"2013-10-01"	"333"	""	"Bridget Almas <balmas@gmail.com>"
"urn:cite:perseus:flcimg.334.1"	"LAW.334.tif"	"Creative Commons Attribution-NonCommercial-ShareAlike 3.0 Unported License."	""	""	"Tisch Library, Tufts University"	"2013-10-01"	"334"	""	"Bridget Almas <balmas@gmail.com>"
"urn:cite:perseus:flcimg.335.1"	"LAW.335.tif"	"Creative Commons Attribution-NonCommercial-ShareAlike 3.0 Unported License."	""	""	"Tisch Library, Tufts University"	"2013-10-01"	"335"	""	"Bridget Almas <balmas@gmail.com>"
"urn:cite:perseus:flcimg.336.1"	"LAW.336.tif"	"Creative Commons Attribution-NonCommercial-ShareAlike 3.0 Unported License."	""	""	"Tisch Library, Tufts University"	"2013-10-01"	"336"	""	"Bridget Almas <balmas@gmail.com>"
"urn:cite:perseus:flcimg.337.1"	"LAW.337.tif"	"Creative Commons Attribution-NonCommercial-ShareAlike 3.0 Unported License."	""	""	"Tisch Library, Tufts University"	"2013-10-01"	"337"	""	"Bridget Almas <balmas@gmail.com>"
"urn:cite:perseus:flcimg.338.1"	"LAW.338.tif"	"Creative Commons Attribution-NonCommercial-ShareAlike 3.0 Unported License."	""	""	"Tisch Library, Tufts University"	"2013-10-01"	"338"	""	"Bridget Almas <balmas@gmail.com>"
"urn:cite:perseus:flcimg.339.1"	"LAW.339.tif"	"Creative Commons Attribution-NonCommercial-ShareAlike 3.0 Unported License."	""	""	"Tisch Library, Tufts University"	"2013-10-01"	"339"	""	"Bridget Almas <balmas@gmail.com>"
"urn:cite:perseus:flcimg.340.1"	"LAW.340.tif"	"Creative Commons Attribution-NonCommercial-ShareAlike 3.0 Unported License."	""	""	"Tisch Library, Tufts University"	"2013-10-01"	"340"	""	"Bridget Almas <balmas@gmail.com>"
"urn:cite:perseus:flcimg.341.1"	"LAW.341.tif"	"Creative Commons Attribution-NonCommercial-ShareAlike 3.0 Unported License."	""	""	"Tisch Library, Tufts University"	"2013-10-01"	"341"	""	"Bridget Almas <balmas@gmail.com>"
"urn:cite:perseus:flcimg.342.1"	"LAW.342.tif"	"Creative Commons Attribution-NonCommercial-ShareAlike 3.0 Unported License."	""	""	"Tisch Library, Tufts University"	"2013-10-01"	"342"	""	"Bridget Almas <balmas@gmail.com>"
"urn:cite:perseus:flcimg.343.1"	"LAW.343.tif"	"Creative Commons Attribution-NonCommercial-ShareAlike 3.0 Unported License."	""	""	"Tisch Library, Tufts University"	"2013-10-01"	"343"	""	"Bridget Almas <balmas@gmail.com>"
"urn:cite:perseus:flcimg.344.1"	"LAW.344.tif"	"Creative Commons Attribution-NonCommercial-ShareAlike 3.0 Unported License."	""	""	"Tisch Library, Tufts University"	"2013-10-01"	"344"	""	"Bridget Almas <balmas@gmail.com>"
"urn:cite:perseus:flcimg.345.1"	"LAW.345.tif"	"Creative Commons Attribution-NonCommercial-ShareAlike 3.0 Unported License."	""	""	"Tisch Library, Tufts University"	"2013-10-01"	"345"	""	"Bridget Almas <balmas@gmail.com>"
